-- MySQL dump 10.13  Distrib 5.7.42, for FreeBSD13.2 (amd64)
--
-- Host: localhost    Database: raisepon
-- ------------------------------------------------------
-- Server version	5.7.42-log

/*!40101 SET @OLD_CHARACTER_SET_CLIENT=@@CHARACTER_SET_CLIENT */;
/*!40101 SET @OLD_CHARACTER_SET_RESULTS=@@CHARACTER_SET_RESULTS */;
/*!40101 SET @OLD_COLLATION_CONNECTION=@@COLLATION_CONNECTION */;
/*!40101 SET NAMES utf8 */;
/*!40103 SET @OLD_TIME_ZONE=@@TIME_ZONE */;
/*!40103 SET TIME_ZONE='+00:00' */;
/*!40014 SET @OLD_UNIQUE_CHECKS=@@UNIQUE_CHECKS, UNIQUE_CHECKS=0 */;
/*!40014 SET @OLD_FOREIGN_KEY_CHECKS=@@FOREIGN_KEY_CHECKS, FOREIGN_KEY_CHECKS=0 */;
/*!40101 SET @OLD_SQL_MODE=@@SQL_MODE, SQL_MODE='NO_AUTO_VALUE_ON_ZERO' */;
/*!40111 SET @OLD_SQL_NOTES=@@SQL_NOTES, SQL_NOTES=0 */;

--
-- Table structure for table `accounts`
--

DROP TABLE IF EXISTS `accounts`;
/*!40101 SET @saved_cs_client     = @@character_set_client */;
/*!40101 SET character_set_client = utf8 */;
CREATE TABLE `accounts` (
  `ID` int(11) NOT NULL AUTO_INCREMENT,
  `USERNAME` varchar(20) NOT NULL,
  `PASSWORD` char(40) NOT NULL,
  `TYPE` int(11) NOT NULL,
  PRIMARY KEY (`ID`),
  KEY `USERNAME` (`USERNAME`)
) ENGINE=InnoDB AUTO_INCREMENT=3 DEFAULT CHARSET=utf8;
/*!40101 SET character_set_client = @saved_cs_client */;

--
-- Dumping data for table `accounts`
--

LOCK TABLES `accounts` WRITE;
/*!40000 ALTER TABLE `accounts` DISABLE KEYS */;
INSERT INTO `accounts` VALUES (1,'admin','f865b53623b121fd34ee5426c792e5c33af8c227',9),(2,'visitor','4ed0428505b0b89fe7bc1a01928ef1bd4c77c1be',3);
/*!40000 ALTER TABLE `accounts` ENABLE KEYS */;
UNLOCK TABLES;

--
-- Table structure for table `backup`
--

DROP TABLE IF EXISTS `backup`;
/*!40101 SET @saved_cs_client     = @@character_set_client */;
/*!40101 SET character_set_client = utf8 */;
CREATE TABLE `backup` (
  `ID` int(11) NOT NULL AUTO_INCREMENT,
  `NAME` varchar(255) NOT NULL,
  `IP_ADDRESS` int(10) unsigned NOT NULL,
  `USERNAME` varchar(50) NOT NULL,
  `PASSWORD` varchar(50) NOT NULL,
  `DIRECTORY` varchar(50) NOT NULL,
  PRIMARY KEY (`ID`)
) ENGINE=InnoDB DEFAULT CHARSET=utf8;
/*!40101 SET character_set_client = @saved_cs_client */;

--
-- Dumping data for table `backup`
--

LOCK TABLES `backup` WRITE;
/*!40000 ALTER TABLE `backup` DISABLE KEYS */;
/*!40000 ALTER TABLE `backup` ENABLE KEYS */;
UNLOCK TABLES;

--
-- Table structure for table `backup_email`
--

DROP TABLE IF EXISTS `backup_email`;
/*!40101 SET @saved_cs_client     = @@character_set_client */;
/*!40101 SET character_set_client = utf8 */;
CREATE TABLE `backup_email` (
  `ID` int(11) NOT NULL AUTO_INCREMENT,
  `EMAIL` varchar(75) NOT NULL,
  PRIMARY KEY (`ID`)
) ENGINE=InnoDB AUTO_INCREMENT=5 DEFAULT CHARSET=utf8;
/*!40101 SET character_set_client = @saved_cs_client */;

--
-- Dumping data for table `backup_email`
--

LOCK TABLES `backup_email` WRITE;
/*!40000 ALTER TABLE `backup_email` DISABLE KEYS */;
INSERT INTO `backup_email` VALUES (4,'veno@kst-bg.com');
/*!40000 ALTER TABLE `backup_email` ENABLE KEYS */;
UNLOCK TABLES;

--
-- Table structure for table `backup_status`
--

DROP TABLE IF EXISTS `backup_status`;
/*!40101 SET @saved_cs_client     = @@character_set_client */;
/*!40101 SET character_set_client = utf8 */;
CREATE TABLE `backup_status` (
  `ID` int(11) NOT NULL AUTO_INCREMENT,
  `OLT` int(11) NOT NULL,
  `DATE` datetime NOT NULL,
  `REASON` int(11) NOT NULL,
  PRIMARY KEY (`ID`)
) ENGINE=InnoDB AUTO_INCREMENT=3 DEFAULT CHARSET=utf8;
/*!40101 SET character_set_client = @saved_cs_client */;

--
-- Dumping data for table `backup_status`
--

LOCK TABLES `backup_status` WRITE;
/*!40000 ALTER TABLE `backup_status` DISABLE KEYS */;
INSERT INTO `backup_status` VALUES (1,11,'2020-06-11 16:09:31',1),(2,10,'2020-06-11 16:09:01',1);
/*!40000 ALTER TABLE `backup_status` ENABLE KEYS */;
UNLOCK TABLES;

--
-- Table structure for table `cards`
--

DROP TABLE IF EXISTS `cards`;
/*!40101 SET @saved_cs_client     = @@character_set_client */;
/*!40101 SET character_set_client = utf8 */;
CREATE TABLE `cards` (
  `ID` int(11) NOT NULL AUTO_INCREMENT,
  `OLT_ID` int(11) NOT NULL,
  `SLOT` smallint(6) NOT NULL,
  `CARDS_MODEL_ID` int(11) NOT NULL,
  PRIMARY KEY (`ID`)
) ENGINE=InnoDB DEFAULT CHARSET=utf8;
/*!40101 SET character_set_client = @saved_cs_client */;

--
-- Dumping data for table `cards`
--

LOCK TABLES `cards` WRITE;
/*!40000 ALTER TABLE `cards` DISABLE KEYS */;
/*!40000 ALTER TABLE `cards` ENABLE KEYS */;
UNLOCK TABLES;

--
-- Table structure for table `cards_model`
--

DROP TABLE IF EXISTS `cards_model`;
/*!40101 SET @saved_cs_client     = @@character_set_client */;
/*!40101 SET character_set_client = utf8 */;
CREATE TABLE `cards_model` (
  `ID` int(11) NOT NULL AUTO_INCREMENT,
  `NAME` varchar(50) NOT NULL,
  `PON_TYPE` enum('EPON','GPON','XGSPON') NOT NULL,
  `PORTS` smallint(6) NOT NULL,
  PRIMARY KEY (`ID`),
  UNIQUE KEY `ID` (`ID`)
) ENGINE=InnoDB AUTO_INCREMENT=7 DEFAULT CHARSET=utf8;
/*!40101 SET character_set_client = @saved_cs_client */;

--
-- Dumping data for table `cards_model`
--

LOCK TABLES `cards_model` WRITE;
/*!40000 ALTER TABLE `cards_model` DISABLE KEYS */;
INSERT INTO `cards_model` VALUES (1,'EP4B','EPON',4),(2,'GP4A','GPON',4),(3,'EP16','EPON',16),(4,'GP16','GPON',16),(5,'GP8','GPON',8),(6,'6810-16P','XGSPON',16);
/*!40000 ALTER TABLE `cards_model` ENABLE KEYS */;
UNLOCK TABLES;

--
-- Table structure for table `customers`
--

DROP TABLE IF EXISTS `customers`;
/*!40101 SET @saved_cs_client     = @@character_set_client */;
/*!40101 SET character_set_client = utf8 */;
CREATE TABLE `customers` (
  `ID` int(11) NOT NULL AUTO_INCREMENT,
  `NAME` varchar(255) NOT NULL,
  `ADDRESS` varchar(255) NOT NULL,
  `EGN` bigint(10) unsigned DEFAULT NULL,
  `OLT` int(11) DEFAULT NULL,
  `PON_PORT` int(11) DEFAULT NULL,
  `PON_ONU_ID` tinyint(4) DEFAULT NULL,
  `SERVICE` int(10) DEFAULT NULL,
  `SN` varchar(255) NOT NULL,
  `IP_ADDRESS` int(10) unsigned DEFAULT NULL,
  `AUTO` enum('YES','NO') NOT NULL DEFAULT 'NO',
  `STATE` enum('YES','NO') NOT NULL DEFAULT 'YES',
  `STATE_RF` tinyint(4) DEFAULT NULL,
  PRIMARY KEY (`ID`),
  KEY `OLT` (`OLT`),
  KEY `PON_PORT` (`PON_PORT`)
) ENGINE=InnoDB AUTO_INCREMENT=614 DEFAULT CHARSET=utf8;
/*!40101 SET character_set_client = @saved_cs_client */;

--
-- Dumping data for table `customers`
--

LOCK TABLES `customers` WRITE;
/*!40000 ALTER TABLE `customers` DISABLE KEYS */;
INSERT INTO `customers` VALUES (529,'E0E8E6FC8EDB','',NULL,10,41,1,3,'E0E8E6FC8EDB',NULL,'NO','YES',NULL),(537,'veno','',NULL,NULL,NULL,NULL,10,'7891E9DC6876',NULL,'YES','YES',NULL),(543,'cdata_4port','',NULL,11,45,7,3,'DF126AAE81F1',NULL,'NO','YES',NULL),(547,'RCMG1B08030D','',NULL,11,45,4,10,'RCMG1B08030D',NULL,'NO','YES',NULL),(548,'ht803g-1gc rev.T','',NULL,11,45,5,10,'RCMG1A200341',NULL,'NO','YES',NULL),(571,'ht803g-1gc','',NULL,10,41,2,10,'980074F78EFB',NULL,'NO','YES',NULL),(573,'2','',NULL,10,41,4,7,'C850E95A0200',NULL,'NO','YES',NULL),(574,'raisecom','',NULL,11,45,12,14,'RCMG18200007',NULL,'NO','YES',NULL),(575,'E0E8E6FC8EDB','',NULL,13,49,1,3,'E0E8E6FC8EDB',NULL,'NO','YES',NULL),(576,'3','',NULL,11,45,3,3,'DF126AAE8290',NULL,'NO','YES',NULL),(577,'DF126AAE81FC','',NULL,11,45,8,3,'DF126AAE81FC',NULL,'NO','YES',NULL),(578,'test5','',NULL,11,45,9,3,'DF126AAE8185',NULL,'NO','YES',NULL),(579,'DF126AAE81F3','',NULL,11,45,10,3,'DF126AAE81F3',NULL,'NO','YES',NULL),(580,'fasdfasdf','',NULL,11,45,11,7,'DF126AAE8184',NULL,'NO','YES',NULL),(581,'ht803-u','',NULL,10,41,5,8,'000E5E8376A5',NULL,'NO','YES',NULL),(583,'1GE-revM','',NULL,11,45,2,7,'RCMG3AC001C5',NULL,'NO','YES',NULL),(584,'803g-1geM','',NULL,10,41,6,7,'CCC2E09CE723',NULL,'NO','YES',NULL),(585,'hgw-cdata-wifi5','',NULL,10,41,7,9,'80F7A68D6D25',NULL,'NO','YES',NULL),(589,'1','',NULL,13,49,2,7,'000E5E6E1117',NULL,'NO','YES',NULL),(603,'CDTC1D4773B0','',NULL,11,45,1,9,'CDTC1D4773B0',NULL,'NO','YES',NULL),(604,'D031E6FC8EDB','',NULL,11,45,112,10,'D031E6FC8EDB',NULL,'NO','YES',NULL),(607,'CDTC1D4773B0','',NULL,15,54,1,9,'CDTC1D4773B0',NULL,'NO','YES',NULL),(608,'D031E6FC8EDB','',NULL,15,54,2,10,'D031E6FC8EDB',NULL,'NO','YES',NULL),(609,'720xw','',NULL,11,45,6,10,'DF306A2465FC',NULL,'NO','YES',NULL),(610,'1','',NULL,10,41,3,7,'000E5E6E1117',NULL,'NO','YES',NULL),(611,'cdata-hgu','',NULL,10,41,8,9,'70A56A2465FC',NULL,'NO','YES',NULL),(612,'cdata-r850','',NULL,10,41,9,9,'505B1D4773B0',NULL,'NO','YES',NULL),(613,'ht803g-1ge-new','',NULL,10,41,10,7,'5476B2E5E468',NULL,'NO','YES',NULL);
/*!40000 ALTER TABLE `customers` ENABLE KEYS */;
UNLOCK TABLES;

--
-- Table structure for table `history`
--

DROP TABLE IF EXISTS `history`;
/*!40101 SET @saved_cs_client     = @@character_set_client */;
/*!40101 SET character_set_client = utf8 */;
CREATE TABLE `history` (
  `ID` int(11) NOT NULL AUTO_INCREMENT,
  `CUSTOMERS_ID` int(11) NOT NULL,
  `DATE` datetime NOT NULL,
  `ACTION` varchar(255) NOT NULL,
  `SN` varchar(255) NOT NULL,
  `USER_ID` int(11) NOT NULL,
  PRIMARY KEY (`ID`),
  KEY `CUSTOMERS_ID` (`CUSTOMERS_ID`)
) ENGINE=InnoDB AUTO_INCREMENT=1385 DEFAULT CHARSET=utf8;
/*!40101 SET character_set_client = @saved_cs_client */;

--
-- Dumping data for table `history`
--

LOCK TABLES `history` WRITE;
/*!40000 ALTER TABLE `history` DISABLE KEYS */;
INSERT INTO `history` VALUES (1,96,'2017-01-26 16:49:09','Add New Customer','52434d47185800ef',0),(2,97,'2017-01-26 16:51:16','Add New Customer','52434d47185800ef',0),(3,98,'2017-01-26 16:52:06','Add New Customer','52434d47185800ef',0),(4,99,'2017-01-27 10:59:50','Add New Customer','52434d47185800ef',0),(5,99,'2017-01-27 11:00:42','Delete Customer Veno, , 0','52434d47185800ef',0),(6,100,'2017-01-27 11:01:05','Add New Customer','52434d47185800ef',0),(7,100,'2017-01-27 11:16:34','Edit Customer','52434d47185800ef',0),(8,100,'2017-01-27 11:18:06','Delete Customer Veno2, , 0','52434d47185800ef',0),(9,101,'2017-01-27 11:18:17','Add New Customer','52434d47185800ef',0),(10,101,'2017-01-27 11:20:39','Delete Customer Veno, , 0','52434d47185800ef',0),(11,102,'2017-01-27 11:20:56','Add New Customer','52434d47185800ef',0),(12,102,'2017-01-27 11:27:57','Edit Customer','52434d47185800ef',0),(13,102,'2017-01-27 12:05:11','Edit Customer','52434d47185800ef',0),(14,102,'2017-01-27 15:19:57','Edit Customer','52434d47185800ef',0),(15,102,'2017-01-30 13:42:58','Edit Customer','52434d47185800ef',0),(16,102,'2017-01-30 17:16:09','Edit Customer','52434d47185800ef',0),(17,103,'2017-01-31 13:51:44','Add New Customer','52434d47185800ef',0),(18,103,'2017-01-31 13:53:26','Edit Customer','52434d47185800ef',0),(19,103,'2017-01-31 13:58:06','Edit Customer','52434d47185800ef',0),(20,103,'2017-01-31 14:17:14','Edit Customer','52434d47185800ef',0),(21,103,'2017-02-01 14:23:07','Edit Customer','52434d47185800ef',0),(22,103,'2017-02-01 14:53:31','Edit Customer','52434d47185800ef',0),(23,103,'2017-02-01 14:56:14','Edit Customer','52434d47185800ef',0),(24,103,'2017-02-01 15:08:58','Edit Customer','52434d47185800ef',0),(25,103,'2017-02-01 15:16:47','Edit Customer','52434d47185800ef',0),(26,103,'2017-02-01 15:22:19','Edit Customer','52434d47185800ef',0),(27,103,'2017-02-01 15:27:27','Edit Customer','52434d47185800ef',0),(28,103,'2017-02-01 15:32:22','Edit Customer','52434d47185800ef',0),(29,103,'2017-02-01 15:36:01','Edit Customer','52434d47185800ef',0),(30,103,'2017-02-01 15:39:03','Edit Customer','52434d47185800ef',0),(31,103,'2017-02-13 13:33:22','Edit Customer','52434d47185800ef',0),(32,103,'2017-02-23 16:14:43','Delete Customer Veno, , 0','52434d47185800ef',0),(33,104,'2017-02-23 16:15:06','Add New Customer','RCMG185800ef',0),(34,104,'2017-02-23 16:15:59','Edit Customer','rcmg185800ef',0),(35,104,'2017-02-23 16:16:11','Delete Customer Veno, , 0','rcmg185800ef',0),(36,105,'2017-02-23 16:16:39','Add New Customer','52434d47185800ef',0),(37,105,'2017-02-27 14:30:37','Edit Customer','52434d47185800ef',0),(38,105,'2017-02-27 14:32:11','Edit Customer','52434d47185800ef',0),(39,105,'2017-02-27 14:34:15','Edit Customer','52434d47185800ef',0),(40,105,'2017-02-27 14:37:51','Edit Customer','52434d47185800ef',0),(41,105,'2017-02-27 14:41:09','Edit Customer','52434d47185800ef',0),(42,105,'2017-02-27 14:41:54','Edit Customer','52434d47185800ef',0),(43,105,'2017-02-27 14:43:58','Edit Customer','52434d47185800ef',0),(44,105,'2017-02-27 14:45:21','Edit Customer','52434d47185800ef',0),(45,105,'2017-02-27 14:47:49','Edit Customer','52434d47185800ef',0),(46,105,'2017-02-27 14:50:36','Edit Customer','52434d47185800ef',0),(47,105,'2017-02-27 14:50:54','Edit Customer','52434d47185800ef',0),(48,105,'2017-02-27 14:52:49','Edit Customer','52434d47185800ef',0),(49,105,'2017-02-27 14:53:15','Edit Customer','52434d47185800ef',0),(50,105,'2017-02-27 14:54:34','Edit Customer','52434d47185800ef',0),(51,105,'2017-02-27 14:55:41','Edit Customer','52434d47185800ef',0),(52,105,'2017-02-27 15:00:42','Edit Customer','52434d47185800ef',0),(53,105,'2017-02-27 15:07:16','Edit Customer','52434d47185800ef',0),(54,105,'2017-02-27 15:07:45','Edit Customer','52434d47185800ef',0),(55,105,'2017-02-27 15:09:43','Edit Customer','52434d47185800ef',0),(56,105,'2017-02-27 15:11:49','Edit Customer','52434d47185800ef',0),(57,105,'2017-02-27 15:12:20','Edit Customer','52434d47185800ef',0),(58,105,'2017-02-27 15:13:02','Edit Customer','52434d47185800ef',0),(59,105,'2017-02-27 15:15:30','Edit Customer','52434d47185800ef',0),(60,105,'2017-02-27 15:15:52','Edit Customer','52434d47185800ef',0),(61,105,'2017-02-27 15:16:07','Edit Customer','52434d47185800ef',0),(62,105,'2017-02-27 15:16:21','Edit Customer','52434d47185800ef',0),(63,105,'2017-02-27 15:16:47','Edit Customer','52434d47185800ef',0),(64,105,'2017-02-27 15:17:08','Edit Customer','52434d47185800ef',0),(65,105,'2017-02-27 15:19:32','Edit Customer','52434d47185800ef',0),(66,106,'2017-02-27 15:20:14','Add New Customer','01020304050607',0),(67,107,'2017-02-27 15:20:58','Add New Customer','52434d47185800ee',0),(68,106,'2017-02-27 15:21:08','Delete Customer Joko Rosich, , 0','01020304050607',0),(69,107,'2017-02-27 15:24:01','Edit Customer','52434d47185800ee',0),(70,107,'2017-02-27 15:24:25','Edit Customer','52434d47185800ee',0),(71,107,'2017-02-27 15:24:41','Edit Customer','52434d47185800ee',0),(72,107,'2017-02-27 15:24:56','Edit Customer','52434d47185800ee',0),(73,107,'2017-02-27 15:25:16','Edit Customer','52434d47185800ee',0),(74,105,'2017-02-27 15:26:57','Edit Customer','52434d47185800ef',0),(75,105,'2017-02-27 15:27:56','Edit Customer','52434d47185800ef',0),(76,108,'2017-02-27 15:28:49','Add New Customer','52434d47185800ea',0),(77,108,'2017-02-27 15:30:26','Edit Customer','52434d47185800ea',0),(78,108,'2017-02-27 15:30:43','Edit Customer','52434d47185800ea',0),(79,105,'2017-02-27 15:30:57','Edit Customer','52434d47185800ef',0),(80,105,'2017-02-27 15:31:11','Delete Customer Veno, , 0','52434d47185800ef',0),(81,109,'2017-02-27 15:31:19','Add New Customer','52434d47185800ef',0),(82,109,'2017-02-27 15:31:37','Edit Customer','52434d47185800ef',0),(83,109,'2017-02-27 15:31:47','Edit Customer','52434d47185800ef',0),(84,109,'2017-02-27 15:32:02','Edit Customer','52434d47185800ef',0),(85,109,'2017-02-27 15:32:20','Edit Customer','52434d47185800ef',0),(86,109,'2017-02-27 15:32:28','Edit Customer','52434d47185800ef',0),(87,109,'2017-02-27 15:32:39','Edit Customer','52434d47185800ef',0),(88,109,'2017-02-27 15:34:39','Edit Customer','52434d47185800ef',0),(89,109,'2017-02-27 15:34:50','Edit Customer','52434d47185800ef',0),(90,109,'2017-02-27 15:35:00','Edit Customer','52434d47185800ef',0),(91,109,'2017-02-27 15:35:11','Edit Customer','52434d47185800ef',0),(92,109,'2017-02-27 15:36:10','Delete Customer Veno1 Boza, , 0','52434d47185800ef',0),(93,110,'2017-02-27 15:36:18','Add New Customer','52434d47185800ef',0),(94,110,'2017-02-27 15:36:37','Delete Customer Veno, , 0','52434d47185800ef',0),(95,111,'2017-02-27 15:38:55','Add New Customer','52434d47185800ef',0),(96,111,'2017-02-27 15:42:44','Edit Customer','52434d47185800ef',0),(97,111,'2017-02-27 15:43:10','Edit Customer','52434d47185800ef',0),(98,111,'2017-02-27 15:43:29','Edit Customer','52434d47185800ef',0),(99,111,'2017-02-27 15:43:46','Edit Customer','52434d47185800ef',0),(100,111,'2017-02-27 16:02:51','Edit Customer','52434d47185800ef',0),(101,111,'2017-02-27 16:03:38','Edit Customer','52434d47185800ef',0),(102,111,'2017-02-27 16:03:51','Edit Customer','52434d47185800ef',0),(103,112,'2017-02-27 16:06:55','Delete Customer Choko Rosich, , 0','123123123',0),(104,113,'2017-02-27 16:17:34','Delete Customer Choko Boko, , 0','11111111111111',0),(105,114,'2017-02-27 16:17:53','Delete Customer Bozklo, , 0','11111111111111',0),(106,115,'2017-02-27 16:18:25','Delete Customer Bozko, , 0','321321321321',0),(107,116,'2017-02-27 16:24:53','Delete Customer vvvvvvvv, , 0','32132132112',0),(108,117,'2017-02-27 16:25:17','Delete Customer fasdfvasdf, , 0','fad1234123',0),(109,117,'2017-02-27 16:26:21','Delete Customer fasdfvasdf, , 0','fad1234123',0),(110,118,'2017-02-27 16:27:13','Delete Customer Beeeeenno, , 0','fasdfasdfasdfa',0),(111,119,'2017-02-27 16:37:10','Delete Customer Bozko, , 0','321123321123',0),(112,120,'2017-02-27 16:38:58','Delete Customer Veno, , 0','123',0),(113,121,'2017-02-27 16:39:50','Delete Customer Vennno, , 0','321123321',0),(114,122,'2017-02-27 16:43:24','Delete Customer Bozzza, , 0','32112321',0),(115,124,'2017-02-27 16:45:23','Delete Customer 1123123123, , 0','12312312222',0),(116,123,'2017-02-27 16:46:48','Delete Customer 1111111111, , 0','1111111111111',0),(117,126,'2017-02-27 16:49:29','Delete Customer 3333333333, , 0','33333333333',0),(118,127,'2017-02-27 16:50:16','Delete Customer 22222222222, , 0','22222222222',0),(119,125,'2017-02-27 16:50:32','Delete Customer 12312314412, , 0','1231231222',0),(120,107,'2017-03-01 11:03:42','Delete Customer Joro Momchev, , 0','52434d47185800ee',0),(121,108,'2017-03-01 11:12:51','Delete Customer Nik, , 0','52434d47185800ea',0),(122,111,'2017-03-01 11:12:58','Delete Customer Veno Boza, , 0','52434d47185800ef',0),(123,112,'2017-03-01 11:19:35','Add New Customer','52434D4718480065',0),(124,112,'2017-03-01 11:27:32','Edit Customer','52434D4718480065',0),(125,112,'2017-03-01 11:31:37','Edit Customer','52434D4718480065',0),(126,112,'2017-03-01 11:31:51','Edit Customer','52434D4718480065',0),(127,112,'2017-03-01 11:32:09','Edit Customer','52434D4718480065',0),(128,112,'2017-03-01 11:32:21','Edit Customer','52434D4718480065',0),(129,112,'2017-03-01 11:32:34','Edit Customer','52434D4718480065',0),(130,112,'2017-03-01 11:35:59','Edit Customer','52434D4718480065',0),(131,112,'2017-03-01 11:38:56','Edit Customer','52434D4718480065',0),(132,112,'2017-03-01 11:42:32','Edit Customer','52434D4718480065',0),(133,112,'2017-03-01 11:43:06','Edit Customer','52434D4718480065',0),(134,112,'2017-03-01 11:43:21','Edit Customer','52434D4718480065',0),(135,112,'2017-03-01 11:44:53','Edit Customer','52434D4718480065',0),(136,112,'2017-03-01 11:45:21','Edit Customer','52434D4718480065',0),(137,112,'2017-03-01 11:46:00','Edit Customer','52434D4718480065',0),(138,112,'2017-03-01 11:59:22','Edit Customer','52434D4718480065',0),(139,112,'2017-03-01 11:59:41','Edit Customer','52434D4718480065',0),(140,112,'2017-03-01 11:59:52','Edit Customer','52434D4718480065',0),(141,112,'2017-03-01 12:01:17','Edit Customer','52434D4718480065',0),(142,112,'2017-03-01 12:05:05','Edit Customer','52434D4718480065',0),(143,112,'2017-03-01 12:05:56','Edit Customer','52434D4718480065',0),(144,112,'2017-03-01 12:07:41','Delete Customer Osvobojdenie Trakiya, , 0','52434D4718480065',0),(145,113,'2017-03-01 12:13:24','Add New Customer','52434D4718480065',0),(146,113,'2017-03-01 12:13:57','Delete Customer Osvobojdenie-Trakiya, , 0','52434D4718480065',0),(147,115,'2017-03-01 12:19:04','Add New Customer','52434D4718480065',0),(148,116,'2017-03-01 12:20:17','Add New Customer','52434D471858007F',0),(149,117,'2017-03-01 12:20:38','Add New Customer','52434D4718580081',0),(150,118,'2017-03-01 12:21:01','Add New Customer','52434D47185800BE',0),(151,119,'2017-03-01 12:21:24','Add New Customer','52434D47185800F9',0),(152,120,'2017-03-01 12:21:45','Add New Customer','52434D471858006F',0),(153,121,'2017-03-01 12:22:28','Add New Customer','52434D4718580073',0),(154,122,'2017-03-01 12:25:17','Add New Customer','52434D471858007B',0),(155,123,'2017-03-01 12:46:22','Add New Customer','52434D471858008C',0),(156,124,'2017-03-01 12:46:41','Add New Customer','52434D4718580083',0),(157,125,'2017-03-01 12:46:56','Add New Customer','52434D47185800EC',0),(158,126,'2017-03-01 12:47:28','Add New Customer','52434D47185800B3',0),(159,127,'2017-03-01 12:50:38','Add New Customer','52434D47185800CD',0),(160,128,'2017-03-01 12:50:58','Add New Customer','52434D47185800D9',0),(161,129,'2017-03-01 12:51:17','Add New Customer','52434D471858009A',0),(162,130,'2017-03-01 12:51:35','Add New Customer','52434D47185800F6',0),(163,131,'2017-03-01 12:51:59','Add New Customer','52434D47185800C0',0),(164,132,'2017-03-01 12:52:21','Add New Customer','52434D47185800B6',0),(165,133,'2017-03-01 12:52:38','Add New Customer','52434D47185800C3',0),(166,115,'2017-03-02 10:44:48','Edit Customer','52434D47185800ef',0),(167,115,'2017-03-02 10:45:23','Edit Customer','52434D47185800EF',0),(168,115,'2017-03-02 10:46:11','Delete Customer ht803g, , 0','52434D47185800EF',0),(169,134,'2017-03-02 10:46:24','Add New Customer','52434D47185800EF',0),(170,116,'2017-03-02 10:46:31','Delete Customer Orlovska-Preslav, , 0','52434D471858007F',0),(171,117,'2017-03-02 10:46:46','Delete Customer PGZ, , 0','52434D4718580081',0),(172,118,'2017-03-02 10:46:49','Delete Customer Rila-9, , 0','52434D47185800BE',0),(173,119,'2017-03-02 10:46:54','Delete Customer Ludogorie-40, , 0','52434D47185800F9',0),(174,120,'2017-03-02 10:46:59','Delete Customer Car-Simeon-45, , 0','52434D471858006F',0),(175,121,'2017-03-02 10:47:03','Delete Customer Dimitar-Polyanov-17, , 0','52434D4718580073',0),(176,122,'2017-03-02 10:47:09','Delete Customer Kiril-i-Metodiy-18, , 0','52434D471858007B',0),(177,123,'2017-03-02 10:47:14','Delete Customer Han-Kubrat-4, , 0','52434D471858008C',0),(178,124,'2017-03-02 10:47:18','Delete Customer Elin-Pelin-23, , 0','52434D4718580083',0),(179,125,'2017-03-02 10:47:22','Delete Customer Kiril-i-Metodiy-Kamchiya, , 0','52434D47185800EC',0),(180,126,'2017-03-02 10:47:26','Delete Customer Vasil-Levski-Yovkov, , 0','52434D47185800B3',0),(181,127,'2017-03-02 10:47:30','Delete Customer Vasil-Levski-14, , 0','52434D47185800CD',0),(182,128,'2017-03-02 10:47:34','Delete Customer Vapcarov-11, , 0','52434D47185800D9',0),(183,129,'2017-03-02 10:47:41','Delete Customer Slaveykov-6a, , 0','52434D471858009A',0),(184,130,'2017-03-02 10:47:45','Delete Customer Elin-Pelin-24, , 0','52434D47185800F6',0),(185,131,'2017-03-02 10:47:51','Delete Customer Latinka-10, , 0','52434D47185800C0',0),(186,132,'2017-03-02 10:47:57','Delete Customer Lyulyak-i-Kitka, , 0','52434D47185800B6',0),(187,133,'2017-03-02 10:48:04','Delete Customer 19, , 0','52434D47185800C3',0),(188,134,'2017-03-02 11:38:42','Edit Customer','52434D47185800EF',0),(189,134,'2017-03-02 11:40:25','Edit Customer','52434D47185800EF',0),(190,134,'2017-03-06 10:18:13','Edit Customer','52434D47185800EF',0),(191,134,'2017-03-06 10:24:32','Edit Customer','52434D47185800EF',0),(192,134,'2017-03-06 10:25:26','Edit Customer','52434D47185800EF',0),(193,134,'2017-03-06 10:47:51','Delete Customer Osvobojdenie-Trakiya, , 0','52434D47185800EF',0),(194,135,'2017-03-06 10:48:14','Add New Customer','52434D47185800EF',0),(195,135,'2017-03-06 10:57:53','Delete Customer Osvobojdenie Trakiya, , 0','52434D47185800EF',0),(196,136,'2017-03-06 10:58:05','Add New Customer','52434D47185800EF',0),(197,136,'2017-03-06 11:21:15','Edit Customer','52434D47185800EE',0),(198,137,'2017-03-06 11:21:26','Add New Customer','52434D47185800EF',0),(199,137,'2017-03-07 14:40:48','Delete Customer Veno, , 0','52434D47185800EF',0),(200,136,'2017-03-08 12:02:28','Edit Customer','RCMG185800ef',0),(201,136,'2017-03-08 12:03:25','Edit Customer','RCMG185800ef',0),(202,136,'2017-03-08 12:04:03','Edit Customer','RCMG185800ef',0),(203,136,'2017-03-08 12:04:30','Edit Customer','RCMG185800ef',0),(204,136,'2017-03-08 12:04:45','Edit Customer','RCMG185800ef',0),(205,136,'2017-03-08 12:05:02','Edit Customer','RCMG185800ef',0),(206,136,'2017-03-08 12:05:38','Edit Customer','RCMG185800ef',0),(207,136,'2017-03-08 12:05:51','Edit Customer','RCMG185800ef',0),(208,136,'2017-03-08 12:05:53','Edit Customer','RCMG185800ef',0),(209,136,'2017-03-08 12:06:03','Edit Customer','RCMG185800ef',0),(210,136,'2017-03-08 12:06:22','Edit Customer','52434D7185800ef',0),(211,136,'2017-03-08 12:07:34','Edit Customer','RCMG185800ef',0),(212,136,'2017-03-08 13:14:42','Delete Customer Osvobojdenie Trakiya, , 0','RCMG185800ef',0),(213,138,'2017-03-13 16:45:39','Add New Customer','52434D47185800ef',0),(214,138,'2017-03-27 16:00:28','Edit Customer','RCMG185800ef',0),(215,138,'2017-03-27 16:00:33','Edit Customer','RCMG185800ef',0),(216,138,'2017-03-27 16:00:37','Edit Customer','RCMG185800ef',0),(217,138,'2017-03-27 16:00:40','Edit Customer','RCMG185800ef',0),(218,138,'2017-03-27 16:00:45','Edit Customer','RCMG185800ef',0),(219,138,'2017-03-27 16:00:49','Edit Customer','RCMG185800ef',0),(220,138,'2017-03-27 16:00:55','Edit Customer','RCMG185800ef',0),(221,138,'2017-04-04 15:19:22','Edit Customer','RCMG185800ef',0),(222,139,'2017-06-05 11:12:31','Add New Customer','52434D471838177f',0),(223,139,'2017-06-05 11:36:21','Edit Customer','RCMG1838177f',0),(224,139,'2017-06-05 11:56:29','Edit Customer','RCMG1838177f',0),(225,139,'2017-06-05 11:58:12','Edit Customer','RCMG1838177f',0),(226,139,'2017-06-05 11:58:39','Edit Customer','RCMG1838177f',0),(227,139,'2017-06-05 11:58:52','Edit Customer','RCMG1838177f',0),(228,139,'2017-06-05 12:00:23','Edit Customer','RCMG1838177f',0),(229,139,'2017-07-11 09:48:00','Edit Customer','RCMG1838177f',0),(230,139,'2017-07-11 09:49:06','Edit Customer','RCMG1838177f',0),(231,139,'2017-07-11 13:00:04','Edit Customer','RCMG1838177f',0),(232,139,'2017-07-11 13:11:45','Edit Customer','RCMG1838177f',0),(233,139,'2017-07-11 13:12:02','Edit Customer','RCMG1838177f',0),(234,139,'2017-07-11 13:14:00','Edit Customer','RCMG1838177f',0),(235,139,'2017-07-11 13:15:00','Edit Customer','RCMG1838177f',0),(236,139,'2017-07-11 13:15:55','Edit Customer','RCMG1838177f',0),(237,139,'2017-07-11 13:16:35','Edit Customer','RCMG1838177f',0),(238,139,'2017-07-11 13:19:19','Edit Customer','RCMG1838177f',0),(239,139,'2017-07-11 13:19:33','Edit Customer','RCMG1838177f',0),(240,139,'2017-07-11 13:21:31','Delete Customer ht803g-w, , 0','RCMG1838177f',0),(241,140,'2017-07-11 13:21:50','Add New Customer','RCMG1838177f',0),(242,140,'2017-07-11 13:23:01','Edit Customer','RCMG1838177f',0),(243,140,'2017-07-11 13:26:19','Edit Customer','RCMG1838177f',0),(244,140,'2017-07-11 13:26:32','Edit Customer','RCMG1838177f',0),(245,140,'2017-07-11 13:27:54','Edit Customer','RCMG1838177f',0),(246,138,'2017-07-11 13:28:06','Edit Customer','RCMG185800ef',0),(247,140,'2017-07-11 13:28:35','Edit Customer','RCMG1838177f',0),(248,138,'2017-07-11 13:28:44','Edit Customer','RCMG185800ef',0),(249,140,'2017-07-11 13:30:18','Edit Customer','RCMG1838177f',0),(250,138,'2017-07-11 13:30:31','Edit Customer','RCMG185800ef',0),(251,140,'2017-07-11 13:31:38','Edit Customer','RCMG1838177f',0),(252,138,'2017-07-11 13:31:52','Edit Customer','RCMG185800ef',0),(253,140,'2017-07-11 13:32:07','Edit Customer','RCMG1838177f',0),(254,140,'2017-07-11 13:39:20','Edit Customer','RCMG1838177f',0),(255,140,'2017-07-11 13:44:06','Edit Customer','RCMG1838177f',0),(256,140,'2017-07-12 11:00:28','Edit Customer','RCMG1838177f',0),(257,138,'2017-07-12 11:00:36','Edit Customer','RCMG185800ef',0),(258,138,'2017-07-12 11:01:06','Edit Customer','RCMG185800ef',0),(259,140,'2017-07-12 11:01:47','Edit Customer','RCMG1838177f',0),(260,138,'2017-07-21 16:52:49','Edit Customer','RCMG185800ef',0),(261,138,'2017-07-26 11:12:42','Edit Customer','RCMG185800ef',0),(262,147,'2017-07-26 16:59:45','Delete Customer Veeeeno, , 1231231231','RCMG1838177a',0),(263,140,'2017-07-26 17:04:00','Edit Customer','RCMG1838177f',0),(264,140,'2017-07-26 17:04:11','Edit Customer','RCMG1838177f',0),(265,148,'2017-07-26 17:11:52','Delete Customer Ntimpqq, , 0','RCMG1838177e',0),(266,149,'2017-07-26 17:14:34','Edit Customer','RCMG1838177b',0),(267,149,'2017-07-26 17:17:01','Edit Customer','RCMG1838177b',0),(268,149,'2017-07-26 17:17:27','Edit Customer','RCMG1838177b',0),(269,149,'2017-07-26 17:17:37','Edit Customer','RCMG1838177b',0),(270,138,'2017-07-26 17:18:29','Edit Customer','RCMG185800ef',0),(271,138,'2017-07-26 17:18:40','Edit Customer','RCMG185800ef',0),(272,157,'2017-07-28 12:18:14','Added New Customer','RCMG18381779',1),(273,158,'2017-07-28 12:53:26','Added New Customer','RCMG18381775',1),(274,159,'2017-07-28 12:57:47','Added New Customer','RCMG18381771',1),(275,160,'2017-07-28 13:03:52','Added New Customer','RCMG18381771',1),(276,161,'2017-07-28 13:11:26','Added New Customer','RCMG18381772',1),(277,162,'2017-07-28 13:13:40','Added New Customer','RCMG18381774',1),(278,163,'2017-07-28 13:26:26','Added New Customer','RCMG185800ea',1),(279,164,'2017-07-28 13:27:10','Added New Customer','RCMG185800ee',1),(280,164,'2017-08-03 13:52:38','Edit Customer','RCMG185800ee',1),(281,164,'2017-08-03 13:53:21','Edit Customer','RCMG185800ee',1),(282,153,'2017-08-03 13:56:13','Edit Customer','RCMG1838177D',1),(283,164,'2017-08-03 13:57:01','Edit Customer','RCMG185800ee',1),(284,164,'2017-08-03 13:58:46','Edit Customer','RCMG185800ee',1),(285,153,'2017-08-03 13:59:22','Edit Customer','RCMG1838177D',1),(286,164,'2017-08-03 14:06:17','Edit Customer','RCMG185800ee',1),(287,164,'2017-08-03 14:49:12','','RCMG185800ee',1),(288,164,'2017-08-03 14:49:30','','RCMG185800ee',1),(289,164,'2017-08-03 14:52:35','','RCMG185800ee',1),(290,164,'2017-08-03 14:53:17','','RCMG185800ee',1),(291,138,'2017-08-08 10:20:28','Edit Customer','RCMG185800ef',1),(292,166,'2017-08-08 10:25:15','Edit Customer','RCMG18381775',1),(293,166,'2017-08-08 10:25:38','','RCMG18381775',1),(294,138,'2017-08-08 10:36:07','Edit Customer','RCMG185800ef',1),(295,153,'2017-08-08 10:36:46','Edit Customer','RCMG1838177D',1),(296,167,'2017-08-08 10:51:33','Edit Customer','RCMG185800ea',1),(297,167,'2017-08-08 11:26:09','Edit Customer','RCMG185800ea',1),(298,167,'2017-08-08 11:26:36','Edit Customer','RCMG185800ea',1),(299,168,'2017-10-27 16:04:05','Added New Customer','RCMG185800e5',1),(300,138,'2017-11-08 15:47:37','','RCMG185800ef',1),(301,140,'2017-11-08 16:05:41','','RCMG1838177f',1),(302,153,'2017-11-08 16:12:24','Edit Customer','RCMG1838177D',1),(303,168,'2017-11-13 09:55:36','','RCMG185800e5',1),(304,167,'2017-11-13 09:55:43','','RCMG185800ea',1),(305,169,'2017-11-13 10:43:12','Added New Customer','000e5e7cf9f2',1),(306,169,'2017-11-13 10:45:13','','000e5e7cf9f2',1),(307,170,'2017-11-13 11:30:06','Added New Customer','000e5e7c.f9f2',1),(308,170,'2017-11-13 11:30:25','','000e5e7c.f9f2',1),(309,153,'2017-11-13 11:30:31','','RCMG1838177D',1),(310,171,'2017-11-13 11:30:51','Added New Customer','000e5e7cf9f2',1),(311,171,'2017-11-13 11:36:32','','000e5e7cf9f2',1),(312,172,'2017-11-13 11:36:55','Added New Customer','000e5e7cf9f2',1),(313,172,'2017-11-13 11:37:25','','000e5e7cf9f2',1),(314,173,'2017-11-13 11:38:58','Added New Customer','000e5e7cf9f2',1),(315,173,'2017-11-13 11:41:32','','000e5e7cf9f2',1),(316,174,'2017-11-13 11:41:44','Added New Customer','000e5e7cf9f2',1),(317,165,'2017-11-13 11:43:11','','RCMG18381774',1),(318,174,'2017-11-13 11:43:20','','000e5e7cf9f2',1),(319,175,'2017-11-13 11:43:30','Added New Customer','000e5e7cf9f2',1),(320,175,'2017-11-13 11:49:44','','000e5e7cf9f2',1),(321,176,'2017-11-13 11:49:53','Added New Customer','000e5e7cf9f2',1),(322,176,'2017-11-13 11:50:40','','000e5e7cf9f2',1),(323,177,'2017-11-13 11:50:53','Added New Customer','000e5e7cf9f2',1),(324,177,'2017-11-13 11:53:01','','000e5e7cf9f2',1),(325,178,'2017-11-13 11:53:10','Added New Customer','000e5e7cf9f2',1),(326,178,'2017-11-13 11:54:36','Edit Customer','000e5e7cf9f2',1),(327,178,'2017-11-13 11:54:44','','000e5e7cf9f2',1),(328,179,'2017-11-13 11:54:53','Added New Customer','000e5e7cf9f2',1),(329,179,'2017-11-13 11:55:30','','000e5e7cf9f2',1),(330,180,'2017-11-13 11:56:42','Added New Customer','000e5e7cf9f2',1),(331,181,'2017-11-14 15:33:00','Added New Customer','000e5e7cfe02',1),(332,182,'2017-11-14 15:33:28','Added New Customer','e067b33bc5d1',1),(333,182,'2017-11-14 15:34:19','','e067b33bc5d1',1),(334,183,'2017-11-14 15:34:33','Added New Customer','e067b33bc5d1',1),(335,184,'2017-11-14 15:35:22','Added New Customer','000e5e8376a5.',1),(336,185,'2017-11-14 15:35:52','Added New Customer','000e5e8376a5',1),(337,184,'2017-11-14 15:36:01','','000e5e8376a5.',1),(338,181,'2017-11-14 15:37:25','Edit Customer','000e5e7cfe02',1),(339,186,'2017-11-15 14:45:43','Added New Customer','000e5ec53e71',1),(340,181,'2017-11-15 16:14:37','Edit Customer','000e5e7cfe02',1),(341,186,'2017-11-15 16:16:42','','000e5ec53e71',1),(342,185,'2017-11-16 10:34:34','Edit Customer','000e5e8376a5',1),(343,180,'2017-11-16 10:43:21','','000e5e7cf9f2',1),(344,181,'2017-11-16 10:52:07','','000e5e7cfe02',1),(345,185,'2017-11-17 12:28:30','Edit Customer','000e5e8376a5',1),(346,187,'2017-11-17 12:28:59','Added New Customer','000E5E7CFE02',1),(347,187,'2017-11-17 12:30:02','Edit Customer','000E5E7CFE02',1),(348,187,'2017-11-17 12:31:52','Edit Customer','000E5E7CFE02',1),(349,187,'2017-11-17 12:48:28','','000E5E7CFE02',1),(350,188,'2017-11-17 13:55:23','Added New Customer','000E5E7CFE02',1),(351,188,'2017-11-17 13:55:44','','000E5E7CFE02',1),(352,189,'2017-11-17 16:32:43','Added New Customer','000E5E7CF9F2',1),(353,190,'2017-11-17 16:32:48','Added New Customer','000E5E7CFE02',1),(354,191,'2017-11-17 16:32:52','Added New Customer','000E5E9D1985',1),(355,190,'2017-11-17 16:33:36','Edit Customer','000E5E7CFE02',1),(356,189,'2017-11-17 16:34:14','Edit Customer','000E5E7CF9F2',1),(357,191,'2017-11-17 16:34:41','Edit Customer','000E5E9D1985',1),(358,185,'2017-11-18 22:19:21','Edit Customer','000e5e8376a5',1),(359,191,'2017-11-18 22:19:40','Edit Customer','000E5E9D1985',1),(360,185,'2017-11-18 22:30:39','','000e5e8376a5',1),(361,192,'2017-11-18 22:31:04','Added New Customer','000E5E8376A5',1),(362,189,'2017-11-18 22:31:29','Edit Customer','000E5E7CF9F2',1),(363,190,'2017-11-21 11:55:16','','000E5E7CFE02',1),(364,183,'2017-11-21 11:56:28','','e067b33bc5d1',1),(365,193,'2017-11-21 11:57:04','Added New Customer','000E5E7CFE02',1),(366,194,'2017-11-22 12:05:11','Added New Customer','E067B33BC5D1',1),(367,193,'2017-11-28 10:44:25','','000E5E7CFE02',1),(368,195,'2018-01-04 10:30:09','Added New Customer','000E5E7CFE02',1),(369,195,'2018-01-04 10:31:16','Edit Customer','000E5E7CFE02',1),(370,196,'2018-01-10 11:29:38','Added New Customer','RCMG18A827F0',1),(371,196,'2018-01-10 13:56:46','','RCMG18A827F0',1),(372,189,'2018-01-10 14:19:53','','000E5E7CF9F2',1),(373,197,'2018-01-10 15:32:29','Added New Customer','RCMG18A827F0',1),(374,197,'2018-01-10 15:32:40','','RCMG18A827F0',1),(375,198,'2018-01-10 15:35:51','Added New Customer','RCMG18A827F0',1),(376,199,'2018-01-10 15:36:02','Added New Customer','000E5E7CF9F2',1),(377,198,'2018-01-10 15:39:02','','RCMG18A827F0',1),(378,199,'2018-01-10 16:36:18','','000E5E7CF9F2',1),(379,195,'2018-01-10 16:36:25','','000E5E7CFE02',1),(380,200,'2018-01-10 16:36:53','Added New Customer','RCMG18A827F0',1),(381,201,'2018-01-10 16:37:11','Added New Customer','000E5E7CFE02',1),(382,202,'2018-01-10 16:37:19','Added New Customer','000E5E7CF9F2',1),(383,200,'2018-01-11 10:20:46','Edit Customer','RCMG18A827F0',1),(384,200,'2018-01-11 10:20:52','','RCMG18A827F0',1),(385,203,'2018-01-11 10:52:38','Added New Customer','RCMG18A827F0',1),(386,203,'2018-01-11 10:55:22','','RCMG18A827F0',1),(387,204,'2018-01-11 16:01:48','Added New Customer','RCMG18A827F0',1),(388,204,'2018-01-22 10:17:13','Edit Customer','RCMG18A827F0',1),(389,205,'2018-01-22 10:17:58','Added New Customer','RCMG1838177F',1),(390,205,'2018-01-22 10:32:39','Edit Customer','RCMG1838177F',1),(391,205,'2018-01-22 10:33:38','Edit Customer','RCMG1838177F',1),(392,205,'2018-01-22 10:35:39','Edit Customer','RCMG1838177F',1),(393,205,'2018-01-22 10:36:53','Edit Customer','RCMG1838177F',1),(394,205,'2018-01-22 10:37:14','Edit Customer','RCMG1838177F',1),(395,205,'2018-01-22 10:38:45','Edit Customer','RCMG1838177F',1),(396,206,'2018-02-08 12:01:30','Added New Customer','RCMG18200025',1),(397,206,'2018-02-08 12:01:54','Edit Customer','RCMG18200025',1),(398,207,'2018-02-12 10:29:30','Added New Customer','E067B33AA86F',1),(399,208,'2018-02-12 10:29:36','Added New Customer','E067B33BC5CF',1),(400,206,'2018-02-12 11:10:09','Edit Customer','RCMG18200025',1),(401,204,'2018-02-12 12:23:46','Edit Customer','RCMG18A827F0',1),(402,209,'2018-02-14 11:09:53','Added New Customer','000E5EC543B3',1),(403,210,'2018-02-22 14:34:37','Added New Customer','000E5EC542B9',1),(404,210,'2018-02-22 14:37:42','Edit Customer','000E5EC542B9',1),(405,210,'2018-02-22 15:13:30','Edit Customer','000E5EC542B9',1),(406,210,'2018-02-22 15:21:45','Edit Customer','000E5EC542B9',1),(407,210,'2018-02-22 15:42:07','Edit Customer','000E5EC542B9',1),(408,210,'2018-02-22 15:50:58','','000E5EC542B9',1),(409,209,'2018-02-22 16:21:59','Edit Customer','000E5EC543B3',1),(410,201,'2018-02-23 10:10:38','','000E5E7CFE02',1),(411,211,'2018-02-23 10:10:53','Added New Customer','000E5E7CFE02',1),(412,192,'2018-02-23 10:23:46','','000E5E8376A5',1),(413,212,'2018-02-23 10:24:00','Added New Customer','000E5E8376A5',1),(414,213,'2018-02-23 11:07:20','Added New Customer','RCMG18200044',1),(415,213,'2018-02-23 11:09:45','','RCMG18200044',1),(416,214,'2018-02-23 11:15:21','Added New Customer','RCMG18200044',1),(417,214,'2018-02-23 11:17:21','','RCMG18200044',1),(418,215,'2018-02-23 11:23:38','Added New Customer','RCMG18200055',1),(419,216,'2018-02-23 11:28:10','Added New Customer','000E5EC543B6',1),(420,216,'2018-02-23 11:29:11','','000E5EC543B6',1),(421,211,'2018-02-23 11:29:41','','000E5E7CFE02',1),(422,217,'2018-02-23 11:29:53','Added New Customer','000E5E7CFE02',1),(423,215,'2018-02-23 13:01:47','','RCMG18200055',1),(424,217,'2018-02-23 13:02:07','Edit Customer','000E5E7CFE02',1),(425,218,'2018-02-23 14:05:06','Edit Customer','RCMG18200044',1),(426,217,'2018-02-23 15:12:37','','000E5E7CFE02',1),(427,202,'2018-02-23 17:01:17','','000E5E7CF9F2',1),(428,219,'2018-03-07 11:07:31','','000E5E7CFE02',1),(429,220,'2018-03-07 11:07:43','','54935900BF01',1),(430,221,'2018-03-07 11:08:24','Edit Customer','549359EB2321',1),(431,221,'2018-03-07 11:08:37','','549359EB2321',1),(432,222,'2018-03-07 11:11:31','','54935900BF01',1),(433,218,'2018-03-07 11:11:37','','RCMG18200044',1),(434,223,'2018-03-07 11:14:14','','549359EB2321',1),(435,225,'2018-03-07 11:16:46','','54935900BF01',1),(436,226,'2018-03-07 11:16:51','','549359EB2321',1),(437,224,'2018-03-07 11:16:55','','000E5E7CFE02',1),(438,227,'2018-03-07 11:18:48','Added New Customer','000E5E7CFE02',1),(439,228,'2018-03-07 11:18:55','Added New Customer','54935900BF01',1),(440,229,'2018-03-07 11:19:00','Added New Customer','549359EB2321',1),(441,227,'2018-03-07 11:23:17','Edit Customer','000E5E7CFE02',1),(442,228,'2018-03-07 11:23:50','Edit Customer','54935900BF01',1),(443,229,'2018-03-07 11:24:19','Edit Customer','549359EB2321',1),(444,227,'2018-03-07 11:39:52','','000E5E7CFE02',1),(445,230,'2018-03-07 11:40:09','Added New Customer','000E5E7CFE02',1),(446,228,'2018-03-07 11:40:32','','54935900BF01',1),(447,231,'2018-03-07 11:40:44','Added New Customer','54935900BF01',1),(448,229,'2018-03-07 11:41:00','','549359EB2321',1),(449,232,'2018-03-07 11:41:45','Added New Customer','549359EB2321',1),(450,230,'2018-03-07 12:23:27','Edit Customer','000E5E7CFE02',1),(451,230,'2018-03-07 12:23:40','Edit Customer','000E5E7CFE02',1),(452,230,'2018-03-07 12:57:45','Edit Customer','000E5E7CFE02',1),(453,230,'2018-03-07 12:58:41','Edit Customer','000E5E7CFE02',1),(454,230,'2018-03-07 12:59:05','Edit Customer','000E5E7CFE02',1),(455,231,'2018-03-07 13:05:59','Edit Customer','54935900BF01',1),(456,231,'2018-03-07 14:59:04','Edit Customer','54935900BF01',1),(457,231,'2018-03-07 15:02:03','Edit Customer','54935900BF01',1),(458,232,'2018-03-08 14:01:09','Edit Customer','549359EB2321',1),(459,233,'2018-04-04 13:02:21','Added New Customer','C850E9040B9D',1),(460,233,'2018-04-04 13:03:44','Edit Customer','C850E9040B9D',1),(461,233,'2018-04-16 15:55:57','Edit Customer','C850E9040B9D',1),(462,233,'2018-04-16 16:00:59','Edit Customer','C850E9040B9D',1),(463,231,'2018-04-16 16:02:23','Edit Customer','54935900BF01',1),(464,233,'2018-04-16 16:02:37','Edit Customer','C850E9040B9D',1),(465,194,'2018-04-16 16:09:00','Edit Customer','E067B33BC5D1',1),(466,231,'2018-04-16 16:09:15','Edit Customer','54935900BF01',1),(467,233,'2018-04-16 16:09:35','Edit Customer','C850E9040B9D',1),(468,231,'2018-04-16 16:11:25','Edit Customer','54935900BF01',1),(469,231,'2018-04-16 16:16:01','Edit Customer','54935900BF01',1),(470,231,'2018-04-16 16:18:25','Edit Customer','54935900BF01',1),(471,233,'2018-04-16 16:18:50','Edit Customer','C850E9040B9D',1),(472,231,'2018-04-16 16:19:47','Edit Customer','54935900BF01',1),(473,233,'2018-04-16 16:48:56','Edit Customer','C850E9040B9D',1),(474,233,'2018-04-16 16:53:21','Edit Customer','C850E9040B9D',1),(475,212,'2018-04-18 15:20:00','Edit Customer','000E5E8376A5',1),(476,206,'2018-04-19 12:48:04','Edit Customer','RCMG18200007',1),(477,206,'2018-04-19 12:53:17','Edit Customer','RCMG18200007',1),(478,205,'2018-04-19 12:53:50','Edit Customer','RCMG1850272C',1),(479,205,'2018-04-19 12:57:48','Edit Customer','RCMG1850272C',1),(480,204,'2018-04-19 12:57:59','Edit Customer','RCMG18A827F0',1),(481,204,'2018-04-19 12:59:19','Edit Customer','RCMG18A827F0',1),(482,230,'2018-04-19 15:56:10','','000E5E7CFE02',1),(483,231,'2018-04-20 14:18:20','Edit Customer','54935900BF01',1),(484,233,'2018-04-20 14:19:58','Edit Customer','C850E9040B9D',1),(485,231,'2018-04-20 14:20:04','Edit Customer','54935900BF01',1),(486,212,'2018-04-20 14:20:10','Edit Customer','000E5E8376A5',1),(487,233,'2018-04-20 14:32:54','Edit Customer','C850E9040B9D',1),(488,205,'2018-04-20 14:48:26','Edit Customer','RCMG1850272C',1),(489,206,'2018-04-20 14:48:35','Edit Customer','RCMG18200007',1),(490,206,'2018-04-24 11:33:06','','RCMG18200007',1),(491,234,'2018-04-24 11:49:06','Added New Customer','RCMG18200007',1),(492,204,'2018-04-24 12:30:06','Edit Customer','RCMG185800EF',1),(493,233,'2018-04-24 14:18:55','','C850E9040B9D',1),(494,235,'2018-04-25 16:23:08','Added New Customer','RCMG19205209',1),(495,235,'2018-04-25 16:32:54','Edit Customer','RCMG19205209',1),(496,236,'2018-04-26 11:25:04','Added New Customer','C850E9040B9D',1),(497,236,'2018-04-26 11:25:55','Edit Customer','C850E9040B9D',1),(498,237,'2018-04-26 11:30:17','Added New Customer','000E5E7CFE02',1),(499,237,'2018-04-26 11:30:59','Edit Customer','000E5E7CFE02',1),(500,235,'2018-04-26 11:46:22','','RCMG19205209',1),(501,238,'2018-04-26 11:46:39','Added New Customer','RCMG19205208',1),(502,237,'2018-04-26 12:24:03','','000E5E7CFE02',1),(503,239,'2018-04-26 12:25:14','Added New Customer','000E5E7CFE02',1),(504,234,'2018-04-26 15:52:11','Edit Customer','RCMG18200007',1),(505,204,'2018-04-26 16:14:05','','RCMG185800EF',1),(506,234,'2018-04-26 16:42:21','Edit Customer','RCMG18200007',1),(507,234,'2018-04-26 16:44:47','Edit Customer','RCMG18200007',1),(508,205,'2018-04-26 16:44:51','Edit Customer','RCMG1850272C',1),(509,234,'2018-04-26 16:50:09','Edit Customer','RCMG18200007',1),(510,205,'2018-04-26 16:50:17','Edit Customer','RCMG1850272C',1),(511,240,'2018-04-27 11:33:31','Added New Customer','000E5E020210',1),(512,191,'2018-04-27 15:39:16','Edit Customer','000E5E9D1985',1),(513,231,'2018-05-10 10:46:48','','54935900BF01',1),(514,241,'2018-05-10 10:47:04','Added New Customer','54935900BF01',1),(515,241,'2018-05-10 11:20:43','','54935900BF01',1),(516,241,'2018-05-10 11:20:47','','54935900BF01',1),(517,242,'2018-05-10 11:43:43','','54935900BF01',1),(518,243,'2018-05-10 11:45:14','','54935900BF01',1),(519,244,'2018-05-10 11:46:56','','54935900BF01',1),(520,245,'2018-05-10 11:50:55','','54935900BF01',1),(521,246,'2018-05-10 11:57:38','','54935900BF01',1),(522,247,'2018-05-10 12:12:55','','54935900BF01',1),(523,249,'2018-05-10 12:39:58','Edit Customer','54935900BF02',1),(524,249,'2018-05-10 12:40:18','Edit Customer','54935900BF02',1),(525,249,'2018-05-10 12:40:30','Edit Customer','54935900BF02',1),(526,249,'2018-05-10 12:40:58','','54935900BF02',1),(527,250,'2018-05-10 14:12:57','Edit Customer','54935900BF02',1),(528,248,'2018-05-10 14:19:00','','54935900BF01',1),(529,251,'2018-05-10 16:43:28','','54935900BF01',1),(530,239,'2018-05-11 11:18:01','Edit Customer','000E5E7CFE02',1),(531,250,'2018-05-14 13:23:08','Edit Customer','54935900BF01',1),(532,252,'2018-05-16 11:07:42','','RCMG185800EF',1),(533,205,'2018-05-16 11:14:02','Edit Customer','RCMG1850272C',1),(534,234,'2018-05-16 11:14:25','Edit Customer','RCMG18200007',1),(535,239,'2018-05-16 11:15:28','Edit Customer','000E5E7CFE02',1),(536,253,'2018-05-17 14:22:19','Edit Customer','RCMG185800EF',1),(537,236,'2018-05-23 11:38:55','Edit Customer','C850E9040B9D',1),(538,236,'2018-05-23 11:39:09','Edit Customer','C850E9040B9D',1),(539,236,'2018-05-23 11:39:44','Edit Customer','C850E9040B9D',1),(540,236,'2018-05-23 11:41:30','Edit Customer','C850E9040B9D',1),(541,236,'2018-05-23 14:52:50','Edit Customer','C850E9040B9D',1),(542,250,'2018-05-23 14:54:34','Edit Customer','54935900BF01',1),(543,239,'2018-05-23 14:55:58','Edit Customer','000E5E7CFE02',1),(544,212,'2018-05-23 14:56:17','Edit Customer','000E5E8376A5',1),(545,212,'2018-05-23 14:59:10','Edit Customer','000E5E8376A5',1),(546,236,'2018-05-23 15:01:47','Edit Customer','C850E9040B9D',1),(547,236,'2018-05-23 15:06:53','Edit Customer','C850E9040B9D',1),(548,239,'2018-05-23 15:11:41','Edit Customer','000E5E7CFE02',1),(549,239,'2018-05-23 15:12:15','Edit Customer','000E5E7CFE02',1),(550,236,'2018-05-23 15:14:52','Edit Customer','C850E9040B9D',1),(551,239,'2018-05-23 15:19:48','Edit Customer','000E5E7CFE02',1),(552,239,'2018-05-23 15:25:28','Edit Customer','000E5E7CFE02',1),(553,239,'2018-05-23 15:26:24','','000E5E7CFE02',1),(554,236,'2018-05-23 15:30:38','Edit Customer','C850E9040B9D',1),(555,234,'2018-05-23 15:40:15','Edit Customer','RCMG18200007',1),(556,255,'2018-06-01 11:21:55','Added New Customer','549359EB215B',1),(557,255,'2018-06-01 11:25:57','Edit Customer','549359EB215B',1),(558,256,'2018-06-01 11:57:58','Added New Customer','549359EB2436',1),(559,255,'2018-06-01 12:01:11','','549359EB215B',1),(560,256,'2018-06-01 12:04:05','','549359EB2436',1),(561,240,'2018-06-01 12:14:29','Edit Customer','000E5E020210',1),(562,205,'2018-06-06 12:59:55','Edit Customer','RCMG1850272C',1),(563,253,'2018-06-06 13:01:57','Edit Customer','RCMG185800EF',1),(564,253,'2018-06-06 18:26:19','Edit Customer','RCMG185800EF',1),(565,253,'2018-06-06 18:27:07','Edit Customer','RCMG185800EF',1),(566,253,'2018-06-06 18:29:45','Edit Customer','RCMG185800EF',1),(567,253,'2018-06-06 18:30:10','Edit Customer','RCMG185800EF',1),(568,253,'2018-06-06 18:30:35','Edit Customer','RCMG185800EF',1),(569,253,'2018-06-06 18:34:16','Edit Customer','RCMG185800EF',1),(570,253,'2018-06-06 18:34:32','Edit Customer','RCMG185800EF',1),(571,253,'2018-06-06 18:34:47','Edit Customer','RCMG185800EF',1),(572,253,'2018-06-06 18:36:17','Edit Customer','RCMG185800EF',1),(573,257,'2018-06-07 18:00:52','Added New Customer','1234567',1),(574,257,'2018-06-07 18:01:13','','1234567',1),(575,258,'2018-06-07 18:01:25','Added New Customer','RCMG19205204',1),(576,258,'2018-06-07 18:06:13','','RCMG19205204',1),(577,236,'2018-06-28 17:16:48','','C850E9040B9D',1),(578,253,'2018-06-28 17:17:07','','RCMG185800EF',1),(579,259,'2018-06-28 17:55:23','','RCMG185800EF',1),(580,212,'2019-01-22 17:46:41','Edit Customer','000E5E8376A5',1),(581,191,'2019-01-22 17:46:49','Edit Customer','000E5E9D1985',1),(582,191,'2019-01-22 17:51:13','','000E5E9D1985',1),(583,212,'2019-01-22 17:51:26','Edit Customer','000E5E8376A5',1),(584,261,'2019-01-22 17:51:48','Edit Customer','C850E95A2254',1),(585,262,'2019-01-22 17:52:00','Edit Customer','C850E98CE604',1),(586,212,'2019-01-22 17:56:35','','000E5E8376A5',1),(587,262,'2019-01-22 18:23:33','','C850E98CE604',1),(588,205,'2019-01-22 19:06:05','','RCMG1850272C',1),(589,238,'2019-01-22 19:06:14','','RCMG19205208',1),(591,261,'2019-01-29 20:19:42','Edit Customer','C850E95A2254',1),(592,263,'2019-01-29 20:20:13','Edit Customer','000E5E9D1985',1),(598,240,'2019-02-25 18:22:17','','000E5E020210',1),(600,207,'2019-02-25 18:22:49','Edit Customer','E067B33AA86F',1),(601,208,'2019-02-25 18:23:02','Edit Customer','E067B33BC5CF',1),(603,261,'2019-02-25 18:57:44','Edit Customer','C850E95A2254',1),(604,261,'2019-02-25 18:58:50','Edit Customer','C850E95A2254',1),(606,263,'2019-03-05 16:11:50','Edit Customer','000E5E9D1985',1),(607,261,'2019-03-05 16:12:10','Edit Customer','C850E95A2254',1),(630,265,'2019-03-07 18:42:51','History Deleted','C850E98CE604',1),(633,264,'2019-03-07 20:38:07','History Deleted','000E5E8376A5',1),(634,264,'2019-03-07 20:38:20','Edit Customer: SERVICE \"HGU\", AUTO \"YES\", STATE: \"YES\"','000E5E8376A5',1),(635,261,'2019-03-07 20:40:14','Edit Customer: SERVICE: \"Internet_1port\", AUTO: \"YES\", STATE: \"YES\"','C850E95A2254',1),(636,265,'2019-03-25 17:21:44','set RF port DISABLED','C850E98CE604',1),(637,265,'2019-03-25 17:21:48','set RF port ENABLED','C850E98CE604',1),(638,265,'2019-03-25 17:23:40','delete','C850E98CE604',1),(639,266,'2019-03-25 17:30:53','Add New Customer: SERVICE: \"1port-RF\", AUTO: \"NO\", STATE: \"YES\"','C850E98CE604',1),(640,254,'2019-03-25 17:36:27','delete','000E5E7CFE02',1),(641,266,'2019-03-25 17:37:42','Reboot ONU','C850E98CE604',1),(642,194,'2019-03-25 19:38:31','Edit Customer: SERVICE: \"Internet_4port\", AUTO: \"NO\", STATE: \"NO\"','E067B33BC5D1',1),(643,266,'2019-03-25 19:39:14','Edit Customer: SERVICE: \"1port-RF\", AUTO: \"NO\", STATE: \"YES\"','C850E98CE604',1),(644,234,'2019-04-15 20:19:12','Edit Customer: SERVICE: \"Internet_4port\", AUTO: \"YES\", STATE: \"YES\"','RCMG18200007',1),(645,207,'2019-04-15 20:21:21','Edit Customer: SERVICE: \"Internet_1port\", AUTO: \"YES\", STATE: \"YES\"','E067B33AA86F',1),(646,267,'2019-04-15 20:22:51','Edit Customer: SERVICE: \"Internet_4port\", AUTO: \"YES\", STATE: \"YES\"','RCMG185800EF',1),(647,234,'2019-04-15 20:25:16','delete','RCMG18200007',1),(648,267,'2019-04-15 20:26:06','Edit Customer: SERVICE: \"Internet_4port\", AUTO: \"YES\", STATE: \"YES\"','RCMG185800EF',1),(649,268,'2019-04-15 20:34:53','delete','RCMG18200007',1),(650,269,'2019-04-15 20:36:42','delete','RCMG18200007',1),(651,270,'2019-04-15 20:40:55','delete','RCMG18200007',1),(652,267,'2019-04-16 14:17:38','Edit Customer: SERVICE: \"Internet_4port\", AUTO: \"YES\", STATE: \"YES\"','RCMG185800EF',1),(653,271,'2019-04-16 14:41:53','Edit Customer: SERVICE: \"Internet_1port\", AUTO: \"YES\", STATE: \"YES\"','RCMG18200007',1),(654,272,'2019-04-17 16:45:48','delete','RCMG19205226',1),(655,273,'2019-04-17 16:56:34','Add New Customer: SERVICE: \"1port-RF\", AUTO: \"NO\", STATE: \"YES\"','RCMG19205226',1),(656,273,'2019-04-17 16:57:53','delete','RCMG19205226',1),(657,274,'2019-04-17 17:00:20','Add New Customer: SERVICE: \"1port-RF\", AUTO: \"NO\", STATE: \"YES\"','RCMG19205226',1),(658,267,'2019-04-17 17:02:01','delete','RCMG185800EF',1),(659,275,'2019-04-17 17:02:52','Add New Customer: SERVICE: \"Internet_4port\", AUTO: \"NO\", STATE: \"YES\"','RCMG185800EF',1),(660,275,'2019-04-17 17:03:15','delete','RCMG185800EF',1),(661,207,'2019-04-17 17:08:24','Edit Customer: SERVICE: \"Internet_1port\", AUTO: \"YES\", STATE: \"YES\"','E067B33AA86F',1),(662,208,'2019-04-17 17:08:30','delete','E067B33BC5CF',1),(663,207,'2019-04-17 17:08:38','delete','E067B33AA86F',1),(664,276,'2019-04-17 17:44:14','Edit Customer: SERVICE: \"Internet_4port\", AUTO: \"YES\", STATE: \"YES\"','RCMG185800EF',1),(665,271,'2019-04-17 17:45:26','Edit Customer: SERVICE: \"Internet_1port\", AUTO: \"YES\", STATE: \"YES\"','RCMG18200007',1),(666,274,'2019-04-17 18:02:21','Edit Customer: SERVICE: \"1port-RF\", AUTO: \"YES\", STATE: \"YES\"','RCMG19205226',1),(667,276,'2019-04-17 18:20:43','Edit Customer: SERVICE: \"\", AUTO: \"YES\", STATE: \"YES\"','RCMG185800EF',1),(668,276,'2019-04-17 18:32:47','Edit Customer: SERVICE: \"Internet_1port\", AUTO: \"YES\", STATE: \"YES\"','RCMG185800EF',1),(669,276,'2019-04-17 18:33:23','Edit Customer: SERVICE: \"Internet_4port\", AUTO: \"YES\", STATE: \"YES\"','RCMG185800EF',1),(670,276,'2019-04-17 18:38:37','Edit Customer: SERVICE: \"Internet_4port\", AUTO: \"YES\", STATE: \"YES\"','RCMG185800EF',1),(671,271,'2019-04-17 18:48:23','Edit Customer: SERVICE: \"Internet_1port\", AUTO: \"NO\", STATE: \"YES\"','RCMG18200007',1),(672,271,'2019-04-17 18:48:33','Edit Customer: SERVICE: \"Internet_1port\", AUTO: \"NO\", STATE: \"YES\"','RCMG18200007',1),(673,276,'2019-04-17 18:50:07','delete','RCMG185800EF',1),(674,277,'2019-04-17 18:55:15','delete','RCMG185800EF',1),(675,278,'2019-04-17 18:55:41','Edit Customer: SERVICE: \"\", AUTO: \"YES\", STATE: \"YES\"','RCMG185800EF',1),(676,278,'2019-04-17 18:55:50','Edit Customer: SERVICE: \"Internet_1port\", AUTO: \"YES\", STATE: \"YES\"','RCMG185800EF',1),(677,278,'2019-04-17 18:56:01','delete','RCMG185800EF',1),(678,279,'2019-04-17 18:59:08','Add New Customer: SERVICE: \"Internet_1port\", AUTO: \"NO\", STATE: \"YES\"','RCMG185800EF',1),(679,279,'2019-04-17 18:59:32','delete','RCMG185800EF',1),(680,280,'2019-04-17 19:00:02','Add New Customer: SERVICE: \"Internet_4port\", AUTO: \"NO\", STATE: \"YES\"','RCMG185800EF',1),(681,280,'2019-04-17 19:00:35','delete','RCMG185800EF',1),(682,281,'2019-04-17 19:06:35','delete','RCMG185800EF',1),(683,282,'2019-04-17 19:17:28','Edit Customer: SERVICE: \"Internet_4port\", AUTO: \"YES\", STATE: \"YES\"','RCMG185800EF',1),(684,282,'2019-04-18 14:11:50','Edit Customer: SERVICE: \"Internet_4port\", AUTO: \"YES\", STATE: \"YES\"','RCMG185800EF',1),(685,282,'2019-04-18 14:13:13','Edit Customer: SERVICE: \"Internet_4port\", AUTO: \"NO\", STATE: \"YES\"','RCMG185800EF',1),(686,282,'2019-04-18 14:31:36','Edit Customer: SERVICE: \"Internet_4port\", AUTO: \"NO\", STATE: \"YES\"','RCMG185800EF',1),(687,282,'2019-04-18 14:32:09','Edit Customer: SERVICE: \"Internet_4port\", AUTO: \"NO\", STATE: \"YES\"','RCMG185800EF',1),(688,282,'2019-04-18 14:32:34','delete','RCMG185800EF',1),(689,283,'2019-04-18 14:32:50','Add New Customer: SERVICE: \"Internet_4port\", AUTO: \"NO\", STATE: \"YES\"','RCMG185800EF',1),(690,274,'2019-04-18 14:34:44','Edit Customer: SERVICE: \"1port-RF\", AUTO: \"NO\", STATE: \"YES\"','RCMG19205226',1),(691,274,'2019-04-18 14:36:13','Edit Customer: SERVICE: \"1port-RF\", AUTO: \"YES\", STATE: \"YES\"','RCMG19205226',1),(692,274,'2019-04-18 14:39:18','Edit Customer: SERVICE: \"1port-RF\", AUTO: \"YES\", STATE: \"YES\"','RCMG19205226',1),(693,283,'2019-04-18 14:39:41','Edit Customer: SERVICE: \"Internet_4port\", AUTO: \"NO\", STATE: \"YES\"','RCMG185800EF',1),(694,283,'2019-04-18 14:40:03','Edit Customer: SERVICE: \"Internet_4port\", AUTO: \"YES\", STATE: \"YES\"','RCMG185800EF',1),(695,274,'2019-04-18 14:40:19','Edit Customer: SERVICE: \"1port-RF\", AUTO: \"NO\", STATE: \"YES\"','RCMG19205226',1),(696,274,'2019-04-18 14:41:21','Edit Customer: SERVICE: \"1port-RF\", AUTO: \"NO\", STATE: \"YES\"','RCMG19205226',1),(697,274,'2019-04-18 14:42:37','Edit Customer: SERVICE: \"1port-RF\", AUTO: \"NO\", STATE: \"YES\"','RCMG19205226',1),(698,274,'2019-04-18 14:42:55','Edit Customer: SERVICE: \"1port-RF\", AUTO: \"NO\", STATE: \"YES\"','RCMG19205226',1),(699,274,'2019-04-18 15:02:29','Edit Customer: SERVICE: \"1port-RF\", AUTO: \"YES\", STATE: \"YES\"','RCMG19205226',1),(700,274,'2019-04-18 15:10:03','Edit Customer: SERVICE: \"1port-RF\", AUTO: \"YES\", STATE: \"YES\"','RCMG19205226',1),(701,274,'2019-04-18 15:10:48','Edit Customer: SERVICE: \"1port-RF\", AUTO: \"NO\", STATE: \"YES\"','RCMG19205226',1),(702,274,'2019-04-18 15:11:04','Edit Customer: SERVICE: \"1port-RF\", AUTO: \"NO\", STATE: \"YES\"','RCMG19205226',1),(703,274,'2019-04-18 15:12:50','Edit Customer: SERVICE: \"1port-RF\", AUTO: \"NO\", STATE: \"YES\"','RCMG19205226',1),(704,274,'2019-04-18 15:13:06','Edit Customer: SERVICE: \"1port-RF\", AUTO: \"NO\", STATE: \"YES\"','RCMG19205226',1),(705,274,'2019-04-18 15:28:39','Edit Customer: SERVICE: \"1port-RF\", AUTO: \"NO\", STATE: \"YES\"','RCMG19205226',1),(706,274,'2019-04-18 15:28:59','Edit Customer: SERVICE: \"1port-RF\", AUTO: \"YES\", STATE: \"YES\"','RCMG19205226',1),(707,274,'2019-04-18 15:36:20','Edit Customer: SERVICE: \"1port-RF\", AUTO: \"NO\", STATE: \"YES\"','RCMG19205226',1),(708,274,'2019-04-18 15:38:35','Edit Customer: SERVICE: \"1port-RF\", AUTO: \"NO\", STATE: \"YES\"','RCMG19205226',1),(709,274,'2019-04-18 15:41:41','delete','RCMG19205226',1),(710,284,'2019-04-18 15:41:59','Add New Customer: SERVICE: \"1port-RF\", AUTO: \"NO\", STATE: \"YES\"','RCMG19205226',1),(711,284,'2019-04-18 15:45:04','Edit Customer: SERVICE: \"\", AUTO: \"NO\", STATE: \"YES\"','RCMG19205226',1),(712,284,'2019-04-18 15:51:14','Edit Customer: SERVICE: \"\", AUTO: \"NO\", STATE: \"YES\"','RCMG19205226',1),(713,284,'2019-04-18 15:53:50','Edit Customer: SERVICE: \"\", AUTO: \"NO\", STATE: \"YES\"','RCMG19205226',1),(714,284,'2019-04-18 15:54:30','Edit Customer: SERVICE: \"Internet_4port\", AUTO: \"NO\", STATE: \"YES\"','RCMG19205226',1),(715,284,'2019-04-18 15:54:47','Edit Customer: SERVICE: \"1port-RF\", AUTO: \"NO\", STATE: \"YES\"','RCMG19205226',1),(716,283,'2019-04-18 17:32:29','Reboot ONU','RCMG185800EF',1),(717,283,'2019-04-18 18:21:24','Reboot ONU','RCMG185800EF',1),(718,283,'2019-04-19 14:34:24','Reboot ONU','RCMG185800EF',1),(719,284,'2019-04-19 19:22:00','delete','RCMG19205226',1),(720,285,'2019-04-19 19:22:07','Add New Customer: SERVICE: \"\", AUTO: \"NO\", STATE: \"YES\"','RCMG19205226',1),(721,261,'2019-04-19 19:22:33','delete','C850E95A2254',1),(722,285,'2019-04-19 19:23:20','delete','RCMG19205226',1),(723,286,'2019-04-19 19:23:51','Add New Customer: SERVICE: \"1port-RF\", AUTO: \"NO\", STATE: \"YES\"','RCMG19205226',1),(724,287,'2019-04-19 19:38:27','Add New Customer: SERVICE: \"\", AUTO: \"NO\", STATE: \"YES\"','C850E95A2254',1),(725,287,'2019-04-19 19:39:54','delete','C850E95A2254',1),(726,288,'2019-04-19 19:46:54','delete','C850E95A2254',1),(727,289,'2019-04-19 19:58:23','Add New Customer: SERVICE: \"Internet_1port\", AUTO: \"NO\", STATE: \"YES\"','C850E95A2254',1),(728,286,'2019-04-19 20:00:17','Edit Customer: SERVICE: \"1port-RF\", AUTO: \"NO\", STATE: \"YES\"','RCMG19205226',1),(729,286,'2019-04-19 20:00:33','delete','RCMG19205226',1),(730,290,'2019-04-19 20:00:57','Add New Customer: SERVICE: \"1port-RF\", AUTO: \"NO\", STATE: \"YES\"','RCMG19205226',1),(731,290,'2019-04-19 20:12:24','Edit Customer: SERVICE: \"1port-RF\", AUTO: \"NO\", STATE: \"YES\"','RCMG19205226',1),(732,264,'2019-05-15 17:15:09','Edit Customer: SERVICE: \"HGU\", AUTO: \"YES\", STATE: \"YES\"','000E5E8376A5',1),(733,266,'2019-05-15 17:15:32','Edit Customer: SERVICE: \"1port-RF\", AUTO: \"YES\", STATE: \"YES\"','C850E98CE604',1),(734,289,'2019-05-15 17:15:43','Edit Customer: SERVICE: \"Internet_1port\", AUTO: \"YES\", STATE: \"YES\"','C850E95A2254',1),(735,264,'2019-05-15 17:18:37','Edit Customer: SERVICE: \"HGU\", AUTO: \"NO\", STATE: \"YES\"','000E5E8376A5',1),(736,264,'2019-05-15 17:19:01','Edit Customer: SERVICE: \"\", AUTO: \"YES\", STATE: \"YES\"','000E5E8376A5',1),(737,266,'2019-05-15 17:19:47','set RF port DISABLED','C850E98CE604',1),(738,266,'2019-05-15 17:19:57','set RF port ENABLED','C850E98CE604',1),(739,266,'2019-05-15 17:20:03','set RF port DISABLED','C850E98CE604',1),(740,266,'2019-05-15 17:21:48','Reboot ONU','C850E98CE604',1),(741,266,'2019-05-15 17:30:26','set RF port ENABLED','C850E98CE604',1),(742,260,'2019-05-16 16:57:19','delete','C850E9040B9D',1),(743,232,'2019-05-16 16:57:27','delete','549359EB2321',1),(744,209,'2019-05-16 16:57:36','delete','000E5EC543B3',1),(745,291,'2019-05-16 17:12:16','Add New Customer: SERVICE: \"\", AUTO: \"NO\", STATE: \"YES\"','WLGPB27F0788',1),(746,291,'2019-05-16 17:19:06','Edit Customer: SERVICE: \"HGU\", AUTO: \"NO\", STATE: \"YES\"','WLGPB27F0788',1),(758,292,'2019-05-17 18:30:41','History Deleted','3071B27F0788',1),(759,250,'2019-05-29 18:17:32','Edit Customer: SERVICE: \"Internet_1port\", AUTO: \"NO\", STATE: \"YES\"','54935900BF01',1),(760,250,'2019-05-29 18:25:03','Edit Customer: SERVICE: \"Internet_1port\", AUTO: \"YES\", STATE: \"YES\"','54935900BF01',1),(761,293,'2019-05-29 19:31:43','Add New Customer: SERVICE: \"Internet_4port\", AUTO: \"NO\", STATE: \"YES\"','F43E61683E71',1),(762,293,'2019-05-29 19:39:18','Edit Customer: SERVICE: \"Internet_4port\", AUTO: \"YES\", STATE: \"YES\"','F43E61683E71',1),(763,293,'2019-05-29 20:12:09','set UNI port 2 DISABLED','F43E61683E71',1),(764,293,'2019-05-29 20:12:11','set UNI port 2 ENABLED','F43E61683E71',1),(765,283,'2019-07-26 14:32:02','delete','RCMG185800EF',1),(768,295,'2019-08-28 18:02:51','Add New Customer: SERVICE: \"\", AUTO: \"NO\", STATE: \"YES\"','RCMG19600888',1),(769,295,'2019-08-28 18:12:30','Reboot ONU','RCMG19600888',1),(770,293,'2019-08-28 18:36:46','Edit Customer: SERVICE: \"Internet_4port\", AUTO: \"YES\", STATE: \"YES\"','F43E61683E71',1),(771,293,'2019-08-28 18:36:52','Edit Customer: SERVICE: \"Internet_4port\", AUTO: \"NO\", STATE: \"YES\"','F43E61683E71',1),(772,194,'2019-08-28 18:59:54','Edit Customer: SERVICE: \"Internet_4port\", AUTO: \"NO\", STATE: \"NO\"','E067B33BC5D1',1),(773,263,'2019-08-28 19:00:05','Edit Customer: SERVICE: \"\", AUTO: \"NO\", STATE: \"YES\"','000E5E9D1985',1),(774,297,'2020-01-15 14:58:44','Edit Customer: SERVICE: \"HGU\", AUTO: \"NO\", STATE: \"YES\"','RCMG19280541',1),(775,297,'2020-01-17 13:36:25','set RF port DISABLED','RCMG19280541',1),(776,297,'2020-01-17 13:36:54','set RF port DISABLED','RCMG19280541',1),(777,297,'2020-01-17 13:37:08','set RF port ENABLED','RCMG19280541',1),(778,298,'2020-01-24 19:33:25','Add New Customer: SERVICE: \"1port-RF\", AUTO: \"NO\", STATE: \"YES\"','HWTC74962B32',1),(779,298,'2020-01-24 19:35:16','set RF port DISABLED','HWTC74962B32',1),(780,298,'2020-01-24 19:35:26','set RF port ENABLED','HWTC74962B32',1),(781,299,'2020-01-28 15:03:26','Add New Customer: SERVICE: \"\", AUTO: \"NO\", STATE: \"YES\"','000E5E7CF9F2',1),(782,299,'2020-01-28 15:04:29','Edit Customer: SERVICE: \"Internet_4port\", AUTO: \"NO\", STATE: \"YES\"','000E5E7CF9F2',1),(783,299,'2020-01-28 15:17:01','delete','000E5E7CF9F2',1),(784,271,'2020-02-21 15:03:13','delete','RCMG18200007',1),(787,298,'2020-02-21 15:11:04','Edit Customer: SERVICE: \"1port-RF\", AUTO: \"YES\", STATE: \"YES\"','HWTC74962B32',1),(791,294,'2020-02-21 15:42:09','History Deleted','RCMG185800EF',1),(792,294,'2020-06-11 15:15:51','set UNI port 1 DISABLED','RCMG185800EF',1),(793,294,'2020-06-11 15:15:57','set UNI port 1 ENABLED','RCMG185800EF',1),(794,299,'2020-06-18 15:50:45','Add New Customer: SERVICE: \"HGU\", AUTO: \"NO\", STATE: \"YES\"','RCMG1928053B',1),(795,300,'2020-07-10 12:05:21','Add New Customer: SERVICE: \"Internet_1port\", AUTO: \"NO\", STATE: \"YES\"','RCMG19300ECB',1),(796,294,'2020-07-10 12:25:18','Edit Customer: SERVICE: \"Internet_4port\", AUTO: \"NO\", STATE: \"YES\"','RCMG185800EF',1),(797,301,'2020-07-13 11:35:02','Add New Customer: SERVICE: \"HGU\", AUTO: \"NO\", STATE: \"YES\"','DF30E620CE09',1),(798,301,'2020-07-13 11:35:47','set RF port DISABLED','DF30E620CE09',1),(799,301,'2020-07-13 11:36:00','set RF port ENABLED','DF30E620CE09',1),(800,301,'2020-07-13 12:18:05','Edit Customer: SERVICE: \"HGU\", AUTO: \"NO\", STATE: \"YES\"','DF30E620CE09',1),(801,301,'2020-07-13 12:23:19','set RF port DISABLED','DF30E620CE09',1),(802,301,'2020-07-13 12:23:27','set RF port ENABLED','DF30E620CE09',1),(803,301,'2020-07-13 12:34:00','set RF port DISABLED','DF30E620CE09',1),(804,301,'2020-07-13 12:34:31','set RF port ENABLED','DF30E620CE09',1),(805,301,'2020-07-13 13:20:42','Edit Customer: SERVICE: \"HGU\", AUTO: \"YES\", STATE: \"YES\"','DF30E620CE09',1),(806,301,'2020-07-13 13:21:04','Edit Customer: SERVICE: \"HGU\", AUTO: \"NO\", STATE: \"YES\"','DF30E620CE09',1),(807,301,'2020-07-13 13:21:20','Edit Customer: SERVICE: \"HGU\", AUTO: \"NO\", STATE: \"YES\"','DF30E620CE09',1),(808,301,'2020-07-13 13:21:33','delete','DF30E620CE09',1),(809,302,'2020-07-13 13:23:26','Add New Customer: SERVICE: \"HGU\", AUTO: \"NO\", STATE: \"YES\"','DF30E620CE09',1),(810,302,'2020-07-13 13:46:45','delete','DF30E620CE09',1),(811,291,'2020-07-13 13:47:22','delete','WLGPB27F0788',1),(812,297,'2020-07-13 13:47:33','delete','RCMG19280541',1),(813,299,'2020-07-13 13:47:52','delete','RCMG1928053B',1),(814,303,'2020-07-13 13:49:51','Add New Customer: SERVICE: \"HGU\", AUTO: \"NO\", STATE: \"YES\"','DF30E620CE09',1),(815,303,'2020-07-15 13:23:15','Edit Customer: SERVICE: \"HGU\", AUTO: \"NO\", STATE: \"YES\"','DF30E620CE09',1),(816,304,'2020-07-15 16:49:21','Add New Customer: SERVICE: \"HGU\", AUTO: \"NO\", STATE: \"YES\"','E0E8E620CE09',1),(817,304,'2020-07-15 16:50:55','delete','E0E8E620CE09',1),(818,292,'2020-07-15 16:52:38','delete','3071B27F0788',1),(819,305,'2020-07-15 16:54:55','Add New Customer: SERVICE: \"HGU\", AUTO: \"NO\", STATE: \"YES\"','E0E8E620CE09',1),(820,305,'2020-07-15 16:56:33','delete','E0E8E620CE09',1),(821,306,'2020-07-15 16:56:50','Add New Customer: SERVICE: \"HGU\", AUTO: \"NO\", STATE: \"YES\"','E0E8E620CE09',1),(822,306,'2020-07-15 17:06:38','delete','E0E8E620CE09',1),(823,307,'2020-07-15 17:07:58','Add New Customer: SERVICE: \"HGU\", AUTO: \"NO\", STATE: \"YES\"','E0E8E620CE09',1),(824,307,'2020-07-15 17:09:44','set UNI port 1 DISABLED','E0E8E620CE09',1),(825,307,'2020-07-15 17:09:50','set UNI port 1 DISABLED','E0E8E620CE09',1),(826,307,'2020-07-15 17:09:54','set UNI port 2 DISABLED','E0E8E620CE09',1),(827,307,'2020-07-15 17:09:55','set UNI port 1 ENABLED','E0E8E620CE09',1),(828,307,'2020-07-16 10:05:16','Edit Customer: SERVICE: \"HGU\", AUTO: \"NO\", STATE: \"YES\"','E0E8E620CE09',1),(829,307,'2020-07-16 10:10:13','Reboot ONU','E0E8E620CE09',1),(830,307,'2020-07-16 10:48:47','Edit Customer: SERVICE: \"HGU\", AUTO: \"NO\", STATE: \"YES\"','E0E8E620CE09',1),(831,307,'2020-07-16 11:17:42','Edit Customer: SERVICE: \"HGU\", AUTO: \"NO\", STATE: \"YES\"','E0E8E620CE09',1),(832,307,'2020-07-16 12:25:33','Edit Customer: SERVICE: \"HGU\", AUTO: \"NO\", STATE: \"YES\"','E0E8E620CE09',1),(833,307,'2020-07-16 12:36:12','Edit Customer: SERVICE: \"HGU\", AUTO: \"NO\", STATE: \"YES\"','E0E8E620CE09',1),(834,307,'2020-07-16 12:36:37','Edit Customer: SERVICE: \"HGU\", AUTO: \"NO\", STATE: \"YES\"','E0E8E620CE09',1),(835,307,'2020-07-16 12:41:43','Edit Customer: SERVICE: \"HGU\", AUTO: \"NO\", STATE: \"YES\"','E0E8E620CE09',1),(836,308,'2020-07-30 15:21:25','Add New Customer: SERVICE: \"Internet_1port\", AUTO: \"NO\", STATE: \"YES\"','0CF0B4456C70',1),(837,308,'2020-07-30 15:21:57','set UNI port 1 DISABLED','0CF0B4456C70',1),(838,309,'2020-07-30 16:22:25','Add New Customer: SERVICE: \"1port-RF\", AUTO: \"NO\", STATE: \"YES\"','980074F78EFB',1),(839,310,'2020-08-04 10:23:01','Add New Customer: SERVICE: \"1port-RF\", AUTO: \"NO\", STATE: \"YES\"','E0E8E62E9ADC',1),(840,311,'2020-08-04 10:39:49','Add New Customer: SERVICE: \"1port-RF\", AUTO: \"NO\", STATE: \"YES\"','E0E8E62E9ADA',1),(841,308,'2020-08-04 10:50:47','set UNI port 1 DISABLED','0CF0B4456C70',1),(842,310,'2020-08-04 10:51:06','set UNI port 1 DISABLED','E0E8E62E9ADC',1),(843,310,'2020-08-04 10:51:13','set UNI port 1 ENABLED','E0E8E62E9ADC',1),(844,264,'2021-02-10 13:17:45','delete','000E5E8376A5',1),(845,303,'2021-02-10 14:30:57','Edit Customer: SERVICE: \"HGU\", AUTO: \"NO\", STATE: \"YES\"','DF30E620CE09',1),(846,312,'2021-02-10 14:31:27','Add New Customer: SERVICE: \"\", AUTO: \"NO\", STATE: \"YES\"','DE12E62E9ADC',1),(847,312,'2021-02-10 14:33:43','Edit Customer: SERVICE: \"Internet_1port\", AUTO: \"NO\", STATE: \"YES\"','DE12E62E9ADC',1),(848,312,'2021-02-10 14:34:21','Edit Customer: SERVICE: \"Internet_1port\", AUTO: \"NO\", STATE: \"YES\"','DE12E62E9ADC',1),(849,312,'2021-02-10 14:36:09','delete','DE12E62E9ADC',1),(850,303,'2021-02-10 14:38:49','Edit Customer: SERVICE: \"HGU\", AUTO: \"NO\", STATE: \"YES\"','DF30E620CE09',1),(851,303,'2021-02-10 14:39:08','delete','DF30E620CE09',1),(852,313,'2021-02-10 14:40:18','Edit Customer: SERVICE: \"Internet_1port\", AUTO: \"NO\", STATE: \"YES\"','DE12E62E9ADC',1),(853,314,'2021-02-10 14:40:24','Edit Customer: SERVICE: \"\", AUTO: \"NO\", STATE: \"YES\"','DF30E620CE09',1),(854,315,'2021-02-10 14:40:28','Edit Customer: SERVICE: \"\", AUTO: \"NO\", STATE: \"YES\"','MKPGB4456C70',1),(855,313,'2021-02-10 14:40:34','Edit Customer: SERVICE: \"Internet_1port\", AUTO: \"NO\", STATE: \"YES\"','DE12E62E9ADC',1),(856,313,'2021-02-10 14:40:52','Edit Customer: SERVICE: \"\", AUTO: \"NO\", STATE: \"YES\"','DE12E62E9ADC',1),(857,313,'2021-02-10 14:41:26','delete','DE12E62E9ADC',1),(858,314,'2021-02-10 14:41:32','delete','DF30E620CE09',1),(859,315,'2021-02-10 14:43:18','delete','MKPGB4456C70',1),(860,316,'2021-02-10 14:43:28','Add New Customer: SERVICE: \"\", AUTO: \"NO\", STATE: \"YES\"','DE12E62E9ADC',1),(861,316,'2021-02-10 14:43:39','Edit Customer: SERVICE: \"Internet_1port\", AUTO: \"NO\", STATE: \"YES\"','DE12E62E9ADC',1),(862,316,'2021-02-10 14:44:04','delete','DE12E62E9ADC',1),(863,317,'2021-02-10 14:44:14','Add New Customer: SERVICE: \"\", AUTO: \"NO\", STATE: \"YES\"','MKPGB4456C70',1),(864,318,'2021-02-10 14:44:19','Add New Customer: SERVICE: \"\", AUTO: \"NO\", STATE: \"YES\"','DF30E620CE09',1),(865,319,'2021-02-10 14:44:45','Add New Customer: SERVICE: \"\", AUTO: \"NO\", STATE: \"YES\"','DE12E62E9ADC',1),(866,319,'2021-02-10 14:46:32','delete','DE12E62E9ADC',1),(867,318,'2021-02-10 14:46:36','delete','DF30E620CE09',1),(868,317,'2021-02-10 14:47:25','Edit Customer: SERVICE: \"\", AUTO: \"NO\", STATE: \"YES\"','MKPGB4456C70',1),(869,317,'2021-02-10 14:50:40','Edit Customer: SERVICE: \"HGU\", AUTO: \"NO\", STATE: \"YES\"','MKPGB4456C70',1),(870,320,'2021-02-10 14:54:15','Add New Customer: SERVICE: \"1port-RF\", AUTO: \"NO\", STATE: \"YES\"','HWTC5213C328',1),(871,321,'2021-02-10 15:14:03','Add New Customer: SERVICE: \"1port-RF\", AUTO: \"NO\", STATE: \"YES\"','HWTC65F1D92C',1),(872,322,'2021-02-10 15:15:26','Add New Customer: SERVICE: \"1port-RF\", AUTO: \"NO\", STATE: \"YES\"','RCMG1A200341',1),(873,323,'2021-02-10 15:26:01','Add New Customer: SERVICE: \"1port-RF\", AUTO: \"NO\", STATE: \"YES\"','HWTC39E88D28',1),(874,324,'2021-02-10 15:26:09','Add New Customer: SERVICE: \"1port-RF\", AUTO: \"NO\", STATE: \"YES\"','ry16C5E0BD',1),(875,324,'2021-02-10 15:27:27','delete','ry16C5E0BD',1),(876,325,'2021-02-10 15:31:58','Add New Customer: SERVICE: \"1port-RF\", AUTO: \"NO\", STATE: \"YES\"','HWTC51AE0228',1),(877,320,'2021-02-10 15:48:55','delete','HWTC5213C328',1),(878,326,'2021-02-10 15:58:24','Add New Customer: SERVICE: \"1port-RF\", AUTO: \"NO\", STATE: \"YES\"','HWTC374F0430',1),(879,327,'2021-02-10 15:58:30','Add New Customer: SERVICE: \"1port-RF\", AUTO: \"NO\", STATE: \"YES\"','HWTC45AF3334',1),(880,328,'2021-02-10 15:58:36','Add New Customer: SERVICE: \"1port-RF\", AUTO: \"NO\", STATE: \"YES\"','HWTC6FB70132',1),(881,329,'2021-05-18 10:25:22','Add New Customer: SERVICE: \"HGU\", AUTO: \"NO\", STATE: \"YES\"','DF30E620CE09',1),(882,329,'2021-05-18 11:02:45','Edit Customer: SERVICE: \"HGU-cdata\", AUTO: \"NO\", STATE: \"YES\"','DF30E620CE09',1),(883,329,'2021-05-18 11:04:29','Reboot ONU','DF30E620CE09',1),(884,329,'2021-05-18 11:08:36','Edit Customer: SERVICE: \"HGU\", AUTO: \"NO\", STATE: \"YES\"','DF30E620CE09',1),(885,329,'2021-05-18 11:11:40','Edit Customer: SERVICE: \"HGU-cdata\", AUTO: \"NO\", STATE: \"YES\"','DF30E620CE09',1),(886,296,'2021-05-31 12:43:49','delete','RCMG19300C86',1),(887,295,'2021-05-31 12:44:01','delete','RCMG19600888',1),(888,289,'2021-05-31 12:44:14','delete','C850E95A2254',1),(889,294,'2021-05-31 12:47:56','delete','RCMG185800EF',1),(890,322,'2021-05-31 13:17:25','Edit Customer: SERVICE: \"1port-RF\", AUTO: \"NO\", STATE: \"YES\"','RCMG1A200341',1),(891,322,'2021-06-01 14:26:46','Edit Customer: SERVICE: \"1port-RF\", AUTO: \"NO\", STATE: \"YES\"','RCMG1A200341',1),(892,322,'2021-06-01 14:27:25','Edit Customer: SERVICE: \"Internet_4port\", AUTO: \"NO\", STATE: \"YES\"','RCMG1A200341',1),(893,322,'2021-06-01 14:47:21','Edit Customer: SERVICE: \"1port-RF\", AUTO: \"NO\", STATE: \"YES\"','RCMG1A200341',1),(894,322,'2021-06-01 15:19:50','Edit Customer: SERVICE: \"Internet_4port\", AUTO: \"NO\", STATE: \"YES\"','RCMG1A200341',1),(895,322,'2021-06-01 15:20:15','Edit Customer: SERVICE: \"1port-RF\", AUTO: \"NO\", STATE: \"YES\"','RCMG1A200341',1),(896,322,'2021-06-01 15:20:47','Edit Customer: SERVICE: \"1port-RF\", AUTO: \"NO\", STATE: \"YES\"','RCMG1A200341',1),(897,330,'2021-06-24 13:22:45','Add New Customer: SERVICE: \"1port-RF\", AUTO: \"NO\", STATE: \"YES\"','DE12E62E9ADC',1),(898,330,'2021-06-24 13:59:44','set RF port DISABLED','DE12E62E9ADC',1),(899,330,'2021-06-24 13:59:48','set RF port ENABLED','DE12E62E9ADC',1),(900,331,'2021-07-29 14:45:51','Add New Customer: SERVICE: \"1port-RF\", AUTO: \"NO\", STATE: \"YES\"','D011E6FC8EED',1),(901,332,'2021-07-29 14:46:03','Add New Customer: SERVICE: \"1port-RF\", AUTO: \"NO\", STATE: \"YES\"','D031E6FC8EDB',1),(902,331,'2021-07-29 14:47:51','Edit Customer: SERVICE: \"Internet_1port\", AUTO: \"NO\", STATE: \"YES\"','D011E6FC8EED',1),(903,332,'2021-07-29 14:48:38','set RF port DISABLED','D031E6FC8EDB',1),(904,332,'2021-07-29 14:48:47','set RF port ENABLED','D031E6FC8EDB',1),(905,332,'2021-07-29 14:48:49','set UNI port 1 ENABLED','D031E6FC8EDB',1),(906,332,'2021-07-29 14:48:52','set UNI port 1 DISABLED','D031E6FC8EDB',1),(907,332,'2021-07-29 14:48:54','set UNI port 1 ENABLED','D031E6FC8EDB',1),(908,331,'2021-08-13 10:54:57','Edit Customer: SERVICE: \"Internet_4port\", AUTO: \"NO\", STATE: \"YES\"','D011E6FC8EED',1),(909,332,'2021-08-13 10:55:11','Edit Customer: SERVICE: \"Internet_4port\", AUTO: \"NO\", STATE: \"YES\"','D031E6FC8EDB',1),(910,331,'2021-08-13 10:59:29','Edit Customer: SERVICE: \"Internet_1port\", AUTO: \"NO\", STATE: \"YES\"','D011E6FC8EED',1),(911,332,'2021-08-13 10:59:43','Edit Customer: SERVICE: \"1port-RF\", AUTO: \"NO\", STATE: \"YES\"','D031E6FC8EDB',1),(912,332,'2021-08-13 11:53:38','set RF port DISABLED','D031E6FC8EDB',1),(913,332,'2021-08-13 12:06:19','set RF port ENABLED','D031E6FC8EDB',1),(914,332,'2021-08-13 12:07:01','set RF port ENABLED','D031E6FC8EDB',1),(915,332,'2021-08-13 12:10:23','set RF port DISABLED','D031E6FC8EDB',1),(916,332,'2021-08-13 12:10:37','set RF port ENABLED','D031E6FC8EDB',1),(917,332,'2021-08-13 12:10:56','set RF port DISABLED','D031E6FC8EDB',1),(918,332,'2021-08-13 12:11:01','set RF port ENABLED','D031E6FC8EDB',1),(919,332,'2021-08-13 12:11:05','set RF port DISABLED','D031E6FC8EDB',1),(920,332,'2021-08-13 12:12:51','set RF port ENABLED','D031E6FC8EDB',1),(921,332,'2021-08-13 12:12:59','set RF port DISABLED','D031E6FC8EDB',1),(922,332,'2021-08-13 12:13:03','set RF port ENABLED','D031E6FC8EDB',1),(923,332,'2021-08-13 12:43:55','Edit Customer: SERVICE: \"Internet_4port\", AUTO: \"NO\", STATE: \"YES\"','D031E6FC8EDB',1),(924,331,'2021-08-13 12:44:10','Edit Customer: SERVICE: \"Internet_4port\", AUTO: \"NO\", STATE: \"YES\"','D011E6FC8EED',1),(925,331,'2021-08-13 12:55:19','Edit Customer: SERVICE: \"Internet_1port\", AUTO: \"NO\", STATE: \"YES\"','D011E6FC8EED',1),(926,332,'2021-08-13 12:55:33','Edit Customer: SERVICE: \"1port-RF\", AUTO: \"NO\", STATE: \"YES\"','D031E6FC8EDB',1),(927,332,'2021-08-13 13:07:07','set RF port DISABLED','D031E6FC8EDB',1),(928,332,'2021-08-13 13:07:40','set RF port ENABLED','D031E6FC8EDB',1),(929,332,'2021-08-13 13:07:45','set RF port DISABLED','D031E6FC8EDB',1),(930,332,'2021-08-13 14:59:34','set RF port ENABLED','D031E6FC8EDB',1),(931,332,'2021-08-13 15:00:12','set RF port DISABLED','D031E6FC8EDB',1),(932,332,'2021-08-13 15:00:16','set RF port ENABLED','D031E6FC8EDB',1),(933,333,'2021-08-13 15:14:57','Add New Customer: SERVICE: \"\", AUTO: \"NO\", STATE: \"YES\"','E0E8E6FC8EDB',1),(934,333,'2021-08-13 15:15:11','Edit Customer: SERVICE: \"Internet_4port\", AUTO: \"NO\", STATE: \"YES\"','E0E8E6FC8EDB',1),(935,334,'2021-08-13 15:15:19','Add New Customer: SERVICE: \"1port-RF\", AUTO: \"NO\", STATE: \"YES\"','E0E8E6FC8EED',1),(936,333,'2021-08-13 15:18:19','Edit Customer: SERVICE: \"1port-RF\", AUTO: \"NO\", STATE: \"YES\"','E0E8E6FC8EDB',1),(937,334,'2021-08-16 10:47:59','Edit Customer: SERVICE: \"1port-RF\", AUTO: \"NO\", STATE: \"YES\"','E0E8E6FC8EED',1),(938,333,'2021-08-18 12:02:12','Edit Customer: SERVICE: \"1port-RF\", AUTO: \"NO\", STATE: \"YES\"','E0E8E6FC8EDB',1),(939,334,'2021-08-18 12:22:01','Edit Customer: SERVICE: \"Internet_1port\", AUTO: \"NO\", STATE: \"YES\"','E0E8E6FC8EED',1),(940,333,'2021-08-18 12:42:25','Edit Customer: SERVICE: \"1port-RF\", AUTO: \"NO\", STATE: \"YES\"','E0E8E6FC8EDB',1),(941,335,'2021-08-23 10:40:29','Add New Customer: SERVICE: \"1port-RF\", AUTO: \"NO\", STATE: \"YES\"','0055B1242E86',1),(942,335,'2021-08-23 10:43:34','set RF port ENABLED','0055B1242E86',1),(943,335,'2021-08-23 10:43:40','set RF port DISABLED','0055B1242E86',1),(944,335,'2021-08-23 10:43:44','set RF port ENABLED','0055B1242E86',1),(945,335,'2021-08-23 10:43:45','set RF port ENABLED','0055B1242E86',1),(946,335,'2021-08-23 10:43:47','set RF port ENABLED','0055B1242E86',1),(947,335,'2021-08-23 10:43:49','set RF port DISABLED','0055B1242E86',1),(948,317,'2021-08-23 10:54:57','delete','MKPGB4456C70',1),(949,326,'2021-08-23 10:55:11','delete','HWTC374F0430',1),(950,321,'2021-08-23 10:55:21','delete','HWTC65F1D92C',1),(951,323,'2021-08-23 10:55:33','delete','HWTC39E88D28',1),(952,336,'2021-08-23 10:56:02','Add New Customer: SERVICE: \"1port-RF\", AUTO: \"NO\", STATE: \"YES\"','BDCMB1242E86',1),(953,336,'2021-08-23 11:03:00','Edit Customer: SERVICE: \"Internet_1port\", AUTO: \"NO\", STATE: \"YES\"','BDCMB1242E86',1),(954,332,'2021-08-23 11:03:23','Edit Customer: SERVICE: \"Internet_1port\", AUTO: \"NO\", STATE: \"YES\"','D031E6FC8EDB',1),(955,336,'2021-08-23 11:08:13','Edit Customer: SERVICE: \"2port+RF\", AUTO: \"NO\", STATE: \"YES\"','BDCMB1242E86',1),(956,331,'2021-08-23 11:13:28','Edit Customer: SERVICE: \"Internet_1port\", AUTO: \"NO\", STATE: \"YES\"','D011E6FC8EED',1),(957,331,'2021-08-23 11:13:51','Reboot ONU','D011E6FC8EED',1),(958,336,'2021-08-23 11:14:19','Edit Customer: SERVICE: \"Internet_1port\", AUTO: \"NO\", STATE: \"YES\"','BDCMB1242E86',1),(959,336,'2021-08-23 11:18:59','Edit Customer: SERVICE: \"2port+RF\", AUTO: \"NO\", STATE: \"YES\"','BDCMB1242E86',1),(960,322,'2021-08-23 11:19:13','delete','RCMG1A200341',1),(961,325,'2021-08-23 11:19:21','delete','HWTC51AE0228',1),(962,327,'2021-08-23 11:19:29','delete','HWTC45AF3334',1),(963,328,'2021-08-23 11:20:24','delete','HWTC6FB70132',1),(964,329,'2021-08-23 11:20:38','delete','DF30E620CE09',1),(965,330,'2021-08-23 11:20:46','delete','DE12E62E9ADC',1),(966,336,'2021-08-23 11:22:44','Edit Customer: SERVICE: \"Internet_1port\", AUTO: \"NO\", STATE: \"YES\"','BDCMB1242E86',1),(967,336,'2021-08-23 11:24:02','Edit Customer: SERVICE: \"2port+RF\", AUTO: \"NO\", STATE: \"YES\"','BDCMB1242E86',1),(968,336,'2021-08-23 11:30:48','Edit Customer: SERVICE: \"Internet_1port\", AUTO: \"NO\", STATE: \"YES\"','BDCMB1242E86',1),(969,336,'2021-08-23 11:34:37','Edit Customer: SERVICE: \"2port+RF\", AUTO: \"NO\", STATE: \"YES\"','BDCMB1242E86',1),(970,336,'2021-08-23 11:36:44','Edit Customer: SERVICE: \"Internet_1port\", AUTO: \"NO\", STATE: \"YES\"','BDCMB1242E86',1),(971,336,'2021-08-23 11:38:01','Edit Customer: SERVICE: \"2port+RF\", AUTO: \"NO\", STATE: \"YES\"','BDCMB1242E86',1),(972,336,'2021-08-23 11:45:17','set RF port DISABLED','BDCMB1242E86',1),(973,336,'2021-08-23 11:45:20','set RF port ENABLED','BDCMB1242E86',1),(974,336,'2021-08-23 11:45:25','set RF port DISABLED','BDCMB1242E86',1),(975,336,'2021-08-23 11:45:27','set RF port ENABLED','BDCMB1242E86',1),(976,336,'2021-08-23 11:45:28','set RF port ENABLED','BDCMB1242E86',1),(977,336,'2021-08-23 11:45:33','set RF port ENABLED','BDCMB1242E86',1),(978,336,'2021-08-23 11:45:48','set RF port DISABLED','BDCMB1242E86',1),(979,337,'2021-09-15 11:56:48','Add New Customer: SERVICE: \"Internet_1port\", AUTO: \"NO\", STATE: \"YES\"','980074C5EAC2',1),(980,338,'2021-09-15 12:00:50','Add New Customer: SERVICE: \"1port-RF\", AUTO: \"NO\", STATE: \"YES\"','CCC2E0AFE940',1),(981,338,'2021-09-15 12:03:45','set RF port ENABLED','CCC2E0AFE940',1),(982,339,'2021-09-15 12:10:10','Add New Customer: SERVICE: \"1port-RF\", AUTO: \"NO\", STATE: \"YES\"','CCC2E0AFEAE5',1),(983,338,'2021-09-15 12:10:51','delete','CCC2E0AFE940',1),(984,339,'2021-09-15 12:11:29','set RF port DISABLED','CCC2E0AFEAE5',1),(985,339,'2021-09-15 12:11:32','set RF port ENABLED','CCC2E0AFEAE5',1),(986,340,'2021-09-15 12:22:48','Add New Customer: SERVICE: \"1port-RF\", AUTO: \"NO\", STATE: \"YES\"','CCC2E0B422FB',1),(987,266,'2021-09-16 16:23:12','Edit Customer: SERVICE: \"1port-RF\", AUTO: \"YES\", STATE: \"YES\"','C850E98CE604',1),(988,341,'2021-09-30 10:26:56','Edit Customer: SERVICE: \"1port-RF\", AUTO: \"YES\", STATE: \"YES\"','RCMG1A200341',1),(989,341,'2021-09-30 14:25:09','Edit Customer: SERVICE: \"1port-RF\", AUTO: \"NO\", STATE: \"YES\"','RCMG1A200341',1),(990,341,'2021-09-30 14:38:05','Edit Customer: SERVICE: \"1port-RF\", AUTO: \"NO\", STATE: \"YES\"','RCMG1A200341',1),(991,341,'2021-09-30 14:45:57','Edit Customer: SERVICE: \"Internet_1port\", AUTO: \"NO\", STATE: \"YES\"','RCMG1A200341',1),(992,342,'2021-11-24 13:45:52','Add New Customer: SERVICE: \"1port-RF\", AUTO: \"NO\", STATE: \"YES\"','2CD2E3041EC9',1),(993,342,'2021-11-24 13:46:17','Edit Customer: SERVICE: \"1port-RF\", AUTO: \"NO\", STATE: \"YES\"','2CD2E3041EC9',1),(994,339,'2021-11-24 13:46:51','delete','CCC2E0AFEAE5',1),(995,340,'2021-11-24 13:47:03','delete','CCC2E0B422FB',1),(996,343,'2021-11-29 09:53:22','Add New Customer: SERVICE: \"1port-RF\", AUTO: \"NO\", STATE: \"YES\"','RCMG00040506',1),(997,344,'2021-11-29 09:53:36','Add New Customer: SERVICE: \"1port-RF\", AUTO: \"NO\", STATE: \"YES\"','JLTCAB090002',1),(998,344,'2021-11-29 09:54:18','set RF port DISABLED','JLTCAB090002',1),(999,344,'2021-11-29 09:54:24','set RF port ENABLED','JLTCAB090002',1),(1000,343,'2021-11-29 09:54:57','set RF port DISABLED','RCMG00040506',1),(1001,343,'2021-11-29 09:55:00','set RF port ENABLED','RCMG00040506',1),(1002,344,'2021-11-30 11:23:16','set RF port DISABLED','JLTCAB090002',1),(1003,344,'2021-11-30 11:23:26','set RF port ENABLED','JLTCAB090002',1),(1004,343,'2021-11-30 11:23:57','set RF port DISABLED','RCMG00040506',1),(1005,343,'2021-11-30 11:24:07','set RF port ENABLED','RCMG00040506',1),(1006,345,'2021-12-13 11:23:58','Add New Customer: SERVICE: \"\", AUTO: \"NO\", STATE: \"YES\"','000E5E040506',1),(1007,345,'2021-12-13 11:24:34','Edit Customer: SERVICE: \"1port-RF\", AUTO: \"NO\", STATE: \"YES\"','000E5E040506',1),(1008,345,'2021-12-13 13:01:19','set RF port DISABLED','000E5E040506',1),(1009,345,'2021-12-13 13:01:24','set RF port ENABLED','000E5E040506',1),(1010,345,'2021-12-13 13:01:26','set UNI port 1 DISABLED','000E5E040506',1),(1011,345,'2021-12-13 13:01:29','set UNI port 1 ENABLED','000E5E040506',1),(1012,342,'2021-12-21 15:05:01','Edit Customer: SERVICE: \"1port-RF\", AUTO: \"NO\", STATE: \"YES\"','2CD2E3041EC9',1),(1013,345,'2021-12-21 15:05:29','delete','000E5E040506',1),(1014,346,'2021-12-21 15:05:57','Add New Customer: SERVICE: \"1port-RF\", AUTO: \"NO\", STATE: \"YES\"','000E5E040506',1),(1015,346,'2021-12-21 15:09:27','delete','000E5E040506',1),(1016,347,'2021-12-21 15:14:34','Add New Customer: SERVICE: \"1port-RF\", AUTO: \"NO\", STATE: \"YES\"','000E5E040506',1),(1017,348,'2022-01-26 11:17:19','Add New Customer: SERVICE: \"Internet_1port\", AUTO: \"NO\", STATE: \"YES\"','70A56A1FFD5E',1),(1018,348,'2022-01-26 11:27:38','Edit Customer: SERVICE: \"\", AUTO: \"NO\", STATE: \"YES\"','70A56A1FFD5E',1),(1019,348,'2022-01-26 11:37:07','delete','70A56A1FFD5E',1),(1020,349,'2022-01-26 11:50:50','Add New Customer: SERVICE: \"1port-RF\", AUTO: \"NO\", STATE: \"YES\"','70A56A205038',1),(1021,350,'2022-01-26 11:51:03','Add New Customer: SERVICE: \"Internet_1port\", AUTO: \"NO\", STATE: \"YES\"','70A56A1FFD5E',1),(1022,351,'2022-01-26 12:22:49','Add New Customer: SERVICE: \"Internet_1port\", AUTO: \"NO\", STATE: \"YES\"','D0116A1FFD5E',1),(1023,352,'2022-01-26 12:22:58','Add New Customer: SERVICE: \"Internet_1port\", AUTO: \"NO\", STATE: \"YES\"','D0316A205038',1),(1024,352,'2022-01-26 12:24:09','Edit Customer: SERVICE: \"1port-RF\", AUTO: \"NO\", STATE: \"YES\"','D0316A205038',1),(1025,331,'2022-01-26 12:25:35','Edit Customer: SERVICE: \"Internet_1port\", AUTO: \"NO\", STATE: \"YES\"','D011E6FC8EED',1),(1026,353,'2022-02-08 11:48:04','delete','D031E6FC8ED5',1),(1027,359,'2022-02-11 12:19:00','Add New Customer: SERVICE: \"\", AUTO: \"NO\", STATE: \"YES\"','D031E6FC8ED4',1),(1028,360,'2022-02-11 12:20:11','Add New Customer: SERVICE: \"\", AUTO: \"NO\", STATE: \"YES\"','D031E6FC8ED3',1),(1029,361,'2022-02-11 12:24:59','Add New Customer: SERVICE: \"\", AUTO: \"NO\", STATE: \"YES\"','D031E6FC8ED2',1),(1030,361,'2022-02-11 12:27:44','Edit Customer: SERVICE: \"\", AUTO: \"NO\", STATE: \"YES\"','D031E6FC8ED2',1),(1031,361,'2022-02-11 12:27:56','delete','D031E6FC8ED2',1),(1032,360,'2022-02-11 12:28:13','delete','D031E6FC8ED3',1),(1033,362,'2022-02-15 14:50:20','Add New Customer: SERVICE: \"Internet_1port\", AUTO: \"NO\", STATE: \"YES\"','70A56A1FF890',1),(1034,332,'2022-02-21 11:09:49','set RF port DISABLED','D031E6FC8EDB',1),(1035,332,'2022-02-21 11:10:10','set RF port DISABLED','D031E6FC8EDB',1),(1036,332,'2022-02-21 11:10:33','set RF port ENABLED','D031E6FC8EDB',1),(1037,332,'2022-02-21 11:12:02','set RF port DISABLED','D031E6FC8EDB',1),(1038,332,'2022-02-21 11:12:26','set RF port ENABLED','D031E6FC8EDB',1),(1039,332,'2022-02-21 11:12:39','set UNI port 1 DISABLED','D031E6FC8EDB',1),(1040,332,'2022-02-21 11:41:27','set UNI port 1 ENABLED','D031E6FC8EDB',1),(1041,332,'2022-02-21 11:41:45','set UNI port 1 DISABLED','D031E6FC8EDB',1),(1042,332,'2022-02-21 11:42:04','set UNI port 1 ENABLED','D031E6FC8EDB',1),(1043,332,'2022-02-21 11:42:19','set UNI port 1 ENABLED','D031E6FC8EDB',1),(1044,332,'2022-02-21 11:42:22','set UNI port 1 ENABLED','D031E6FC8EDB',1),(1045,332,'2022-02-21 11:42:26','set UNI port 1 DISABLED','D031E6FC8EDB',1),(1046,332,'2022-02-21 11:44:15','set UNI port 1 ENABLED','D031E6FC8EDB',1),(1047,341,'2022-02-21 11:52:38','set UNI port 1 DISABLED','RCMG1A200341',1),(1048,341,'2022-02-21 11:52:57','set UNI port 1 ENABLED','RCMG1A200341',1),(1049,341,'2022-02-21 11:53:21','set UNI port 1 DISABLED','RCMG1A200341',1),(1050,341,'2022-02-21 11:55:19','set UNI port 1 ENABLED','RCMG1A200341',1),(1051,341,'2022-02-21 12:32:09','set UNI port 1 DISABLED','RCMG1A200341',1),(1052,341,'2022-02-21 12:32:33','Edit Customer: SERVICE: \"1port-RF\", AUTO: \"NO\", STATE: \"YES\"','RCMG1A200341',1),(1053,341,'2022-02-21 12:33:27','set UNI port 1 DISABLED','RCMG1A200341',1),(1054,341,'2022-02-21 12:34:57','Edit Customer: SERVICE: \"1port-RF\", AUTO: \"NO\", STATE: \"YES\"','RCMG1A200341',1),(1055,341,'2022-02-21 12:41:41','Edit Customer: SERVICE: \"1port-RF\", AUTO: \"NO\", STATE: \"YES\"','RCMG1A200341',1),(1056,341,'2022-02-21 12:46:24','Edit Customer: SERVICE: \"1port-RF\", AUTO: \"NO\", STATE: \"YES\"','RCMG1A200341',1),(1057,341,'2022-02-21 12:50:30','set UNI port 1 DISABLED','RCMG1A200341',1),(1058,341,'2022-02-21 12:54:47','Edit Customer: SERVICE: \"1port-RF\", AUTO: \"NO\", STATE: \"YES\"','RCMG1A200341',1),(1059,341,'2022-02-21 13:12:13','set UNI port 1 DISABLED','RCMG1A200341',1),(1060,341,'2022-02-21 13:13:08','Edit Customer: SERVICE: \"1port-RF\", AUTO: \"NO\", STATE: \"YES\"','RCMG1A200341',1),(1061,341,'2022-02-21 13:13:45','Edit Customer: SERVICE: \"1port-RF\", AUTO: \"NO\", STATE: \"YES\"','RCMG1A200341',1),(1062,341,'2022-02-21 13:16:11','Edit Customer: SERVICE: \"1port-RF\", AUTO: \"NO\", STATE: \"YES\"','RCMG1A200341',1),(1063,341,'2022-02-21 13:20:16','Edit Customer: SERVICE: \"1port-RF\", AUTO: \"NO\", STATE: \"YES\"','RCMG1A200341',1),(1064,341,'2022-02-21 13:20:59','Edit Customer: SERVICE: \"1port-RF\", AUTO: \"NO\", STATE: \"YES\"','RCMG1A200341',1),(1065,341,'2022-02-21 13:24:23','set UNI port 1 DISABLED','RCMG1A200341',1),(1066,341,'2022-02-21 13:24:35','Edit Customer: SERVICE: \"1port-RF\", AUTO: \"NO\", STATE: \"YES\"','RCMG1A200341',1),(1067,341,'2022-02-21 13:25:26','Edit Customer: SERVICE: \"1port-RF\", AUTO: \"NO\", STATE: \"YES\"','RCMG1A200341',1),(1068,341,'2022-02-21 13:30:23','Edit Customer: SERVICE: \"1port-RF\", AUTO: \"NO\", STATE: \"YES\"','RCMG1A200341',1),(1069,341,'2022-02-21 13:31:21','set UNI port 1 ENABLED','RCMG1A200341',1),(1070,341,'2022-02-21 13:31:28','set UNI port 1 DISABLED','RCMG1A200341',1),(1071,341,'2022-02-21 13:31:42','Edit Customer: SERVICE: \"1port-RF\", AUTO: \"NO\", STATE: \"YES\"','RCMG1A200341',1),(1072,341,'2022-02-21 13:32:05','set UNI port 1 ENABLED','RCMG1A200341',1),(1073,341,'2022-02-21 13:32:19','Edit Customer: SERVICE: \"1port-RF\", AUTO: \"NO\", STATE: \"YES\"','RCMG1A200341',1),(1074,341,'2022-02-21 13:32:47','set UNI port 1 DISABLED','RCMG1A200341',1),(1075,341,'2022-02-21 13:32:50','set RF port DISABLED','RCMG1A200341',1),(1076,341,'2022-02-21 13:39:54','Edit Customer: SERVICE: \"1port-RF\", AUTO: \"NO\", STATE: \"YES\"','RCMG1A200341',1),(1077,331,'2022-02-21 14:26:39','set UNI port 1 DISABLED','D011E6FC8EED',1),(1078,331,'2022-02-21 14:26:56','Edit Customer: SERVICE: \"Internet_1port\", AUTO: \"NO\", STATE: \"YES\"','D011E6FC8EED',1),(1079,363,'2022-02-22 16:06:19','delete','BDCMB1242E86',1),(1080,336,'2022-02-22 16:06:29','delete','BDCMB1242E86',1),(1081,365,'2022-02-22 16:06:37','delete','BDCMB1242E86',1),(1082,367,'2022-02-22 16:06:47','delete','BDCMB1242E86',1),(1083,369,'2022-02-22 16:06:57','delete','BDCMB1242E86',1),(1084,371,'2022-02-22 16:07:43','delete','BDCMB1242E86',1),(1085,370,'2022-02-22 16:08:35','delete','D031E6FC8EDC',1),(1086,356,'2022-02-22 16:09:22','delete','D031E6FC8EDC',1),(1087,372,'2022-02-22 16:09:33','delete','D031E6FC8EDC',1),(1088,373,'2022-02-22 16:09:43','delete','D031E6FC8EDC',1),(1089,364,'2022-02-22 16:09:52','delete','D031E6FC8EDC',1),(1090,366,'2022-02-22 16:10:00','delete','D031E6FC8EDC',1),(1091,368,'2022-02-22 16:10:15','Edit Customer: SERVICE: \"1port-RF\", AUTO: \"NO\", STATE: \"NO\"','D031E6FC8EDC',1),(1092,357,'2022-02-22 16:10:56','delete','D031E6FC8EDE',1),(1093,358,'2022-02-22 16:11:50','delete','D031E6FC8ED5',1),(1094,374,'2022-02-22 16:17:46','delete','D0116A1FFD5E',1),(1095,359,'2022-02-22 16:18:32','delete','D031E6FC8ED4',1),(1096,375,'2022-02-22 16:23:27','delete','D0116A1FFD5E',1),(1097,376,'2022-02-22 16:30:15','delete','D0116A1FFD5E',1),(1098,343,'2022-02-23 11:17:29','delete','RCMG00040506',1),(1099,344,'2022-02-23 11:25:24','delete','JLTCAB090002',1),(1100,351,'2022-02-23 11:25:33','delete','D0116A1FFD5E',1),(1101,352,'2022-02-23 11:25:41','delete','D0316A205038',1),(1102,368,'2022-02-23 11:25:51','delete','D031E6FC8EDC',1),(1103,332,'2022-02-23 11:25:59','delete','D031E6FC8EDB',1),(1104,331,'2022-02-23 11:26:09','delete','D011E6FC8EED',1),(1105,341,'2022-02-23 11:26:16','delete','RCMG1A200341',1),(1106,341,'2022-02-23 11:26:21','delete','RCMG1A200341',1),(1107,377,'2022-02-23 12:16:17','delete','D031E6FC8EDB',1),(1108,378,'2022-02-23 12:16:27','delete','D011E6FC8EED',1),(1109,379,'2022-02-23 12:16:37','delete','RCMG1A200341',1),(1110,382,'2022-02-23 12:23:18','delete','RCMG1A200341',1),(1111,383,'2022-02-23 12:53:44','delete','RCMG1A200341',1),(1112,381,'2022-02-23 12:53:52','delete','D011E6FC8EED',1),(1113,380,'2022-02-23 12:54:01','delete','D031E6FC8EDB',1),(1114,384,'2022-03-07 10:52:44','Edit Customer: SERVICE: \"\", AUTO: \"NO\", STATE: \"NO\"','D031E6FC8EDB',1),(1115,384,'2022-03-07 10:59:10','Edit Customer: SERVICE: \"\", AUTO: \"NO\", STATE: \"YES\"','D031E6FC8EDB',1),(1116,386,'2022-03-07 10:59:50','Edit Customer: SERVICE: \"1port-RF\", AUTO: \"NO\", STATE: \"NO\"','RCMG1A200341',1),(1117,386,'2022-03-07 11:06:20','Edit Customer: SERVICE: \"1port-RF\", AUTO: \"NO\", STATE: \"YES\"','RCMG1A200341',1),(1118,386,'2022-03-07 11:12:33','Edit Customer: SERVICE: \"1port-RF\", AUTO: \"NO\", STATE: \"YES\"','RCMG1A200341',1),(1119,384,'2022-03-07 11:15:14','Edit Customer: SERVICE: \"\", AUTO: \"NO\", STATE: \"YES\"','D031E6FC8EDB',1),(1120,384,'2022-03-07 11:16:51','Edit Customer: SERVICE: \"1port-RF\", AUTO: \"NO\", STATE: \"YES\"','D031E6FC8EDB',1),(1121,385,'2022-03-07 11:31:03','Edit Customer: SERVICE: \"\", AUTO: \"NO\", STATE: \"NO\"','D011E6FC8EED',1),(1122,385,'2022-03-07 11:32:16','Edit Customer: SERVICE: \"\", AUTO: \"NO\", STATE: \"YES\"','D011E6FC8EED',1),(1123,385,'2022-03-07 11:33:34','Edit Customer: SERVICE: \"Internet_1port\", AUTO: \"NO\", STATE: \"YES\"','D011E6FC8EED',1),(1124,386,'2022-03-15 10:41:16','Edit Customer: SERVICE: \"1port-RF\", AUTO: \"NO\", STATE: \"YES\"','RCMG1A200341',1),(1125,263,'2022-04-01 12:56:08','Edit Customer: SERVICE: \"HGU\", AUTO: \"NO\", STATE: \"YES\"','000E5E9D1985',1),(1126,300,'2022-04-13 14:49:00','delete','RCMG19300ECB',1),(1127,290,'2022-04-13 14:49:09','delete','RCMG19205226',1),(1128,298,'2022-04-13 14:49:16','delete','HWTC74962B32',1),(1129,459,'2022-04-20 12:27:20','Edit Customer: SERVICE: \"1port-RF\", AUTO: \"NO\", STATE: \"NO\"','RCMG1B0806D4',1),(1130,458,'2022-04-20 12:28:21','Edit Customer: SERVICE: \"1port-RF\", AUTO: \"NO\", STATE: \"NO\"','RCMG00040506',1),(1131,458,'2022-04-20 12:30:29','delete','RCMG00040506',1),(1132,455,'2022-04-20 12:37:47','Edit Customer: SERVICE: \"1port-RF\", AUTO: \"NO\", STATE: \"NO\"','D031E6FC8EDB',1),(1133,456,'2022-04-20 12:38:15','Edit Customer: SERVICE: \"Internet_1port\", AUTO: \"NO\", STATE: \"NO\"','D011E6FC8EED',1),(1134,457,'2022-04-20 12:38:48','Edit Customer: SERVICE: \"1port-RF\", AUTO: \"NO\", STATE: \"NO\"','RCMG1A200341',1),(1135,454,'2022-04-26 09:45:40','Edit Customer: SERVICE: \"1port-RF\", AUTO: \"NO\", STATE: \"NO\"','7891E9DC6C3D',1),(1136,454,'2022-04-26 09:46:45','Edit Customer: SERVICE: \"1port-RF\", AUTO: \"NO\", STATE: \"YES\"','7891E9DC6C3D',1),(1137,454,'2022-04-26 09:58:51','Edit Customer: SERVICE: \"test_doichin\", AUTO: \"NO\", STATE: \"YES\"','7891E9DC6C3D',1),(1138,454,'2022-04-26 10:09:04','Edit Customer: SERVICE: \"test_doichin_20\", AUTO: \"NO\", STATE: \"YES\"','7891E9DC6C3D',1),(1139,454,'2022-04-26 10:22:58','Edit Customer: SERVICE: \"test_doichin\", AUTO: \"NO\", STATE: \"YES\"','7891E9DC6C3D',1),(1140,454,'2022-04-26 11:49:09','Edit Customer: SERVICE: \"1port-RF\", AUTO: \"NO\", STATE: \"YES\"','7891E9DC6C3D',1),(1141,454,'2022-04-27 10:19:32','Edit Customer: SERVICE: \"1port-RF\", AUTO: \"NO\", STATE: \"YES\"','7891E9DC6C3D',1),(1142,454,'2022-04-27 10:20:21','delete','7891E9DC6C3D',1),(1143,497,'2022-04-28 12:42:55','Edit Customer: SERVICE: \"Internet_4port\", AUTO: \"NO\", STATE: \"YES\"','70A56A9B5F94',1),(1144,514,'2022-05-05 10:50:18','Edit Customer: SERVICE: \"HGU-cdata\", AUTO: \"NO\", STATE: \"YES\"','70A56A2465FC',1),(1145,514,'2022-05-05 10:56:40','Edit Customer: SERVICE: \"HGU\", AUTO: \"NO\", STATE: \"YES\"','70A56A2465FC',1),(1146,516,'2022-05-05 11:36:41','Edit Customer: SERVICE: \"HGU\", AUTO: \"NO\", STATE: \"YES\"','DF306A2465FC',1),(1147,516,'2022-05-05 11:41:11','Edit Customer: SERVICE: \"HGU\", AUTO: \"NO\", STATE: \"YES\"','DF306A2465FC',1),(1148,517,'2022-05-16 10:16:43','Edit Customer: SERVICE: \"1port-RF\", AUTO: \"NO\", STATE: \"YES\"','7891E9DC6876',1),(1149,514,'2022-05-16 10:17:34','Edit Customer: SERVICE: \"HGU\", AUTO: \"NO\", STATE: \"YES\"','70A56A2465FC',1),(1150,514,'2022-05-16 10:17:49','delete','70A56A2465FC',1),(1151,517,'2022-05-16 10:31:13','Edit Customer: SERVICE: \"1port-RF\", AUTO: \"NO\", STATE: \"YES\"','7891E9DC6876',1),(1152,517,'2022-05-16 11:26:57','Edit Customer: SERVICE: \"1port-RF\", AUTO: \"NO\", STATE: \"YES\"','7891E9DC6876',1),(1153,434,'2022-05-16 11:30:23','Edit Customer: SERVICE: \"1port-RF\", AUTO: \"NO\", STATE: \"YES\"','E0E8E6FC8EDB',1),(1154,513,'2022-05-16 11:30:29','Edit Customer: SERVICE: \"\", AUTO: \"NO\", STATE: \"YES\"','E0E8E6FC8EED',1),(1155,520,'2022-05-17 12:35:00','Edit Customer: SERVICE: \"\", AUTO: \"YES\", STATE: \"YES\"','7891E9DC6876',1),(1156,521,'2022-05-17 12:35:41','delete','E0E8E6FC8EED',1),(1157,522,'2022-05-17 12:35:58','Edit Customer: SERVICE: \"\", AUTO: \"YES\", STATE: \"YES\"','E0E8E6FC8EED',1),(1158,519,'2022-05-17 12:36:11','Edit Customer: SERVICE: \"\", AUTO: \"YES\", STATE: \"YES\"','E0E8E6FC8EDB',1),(1159,531,'2022-05-25 13:40:31','Edit Customer: SERVICE: \"\", AUTO: \"NO\", STATE: \"YES\"','E0E8E6FC8EED',1),(1160,529,'2022-05-31 16:41:59','Edit Customer: SERVICE: \"Internet_4port\", AUTO: \"NO\", STATE: \"YES\"','E0E8E6FC8EDB',1),(1161,531,'2022-05-31 16:43:21','Edit Customer: SERVICE: \"HGU\", AUTO: \"NO\", STATE: \"YES\"','E0E8E6FC8EED',1),(1162,530,'2022-05-31 17:05:08','Edit Customer: SERVICE: \"\", AUTO: \"NO\", STATE: \"YES\"','7891E9DC6876',1),(1163,530,'2022-06-01 11:15:38','Edit Customer: SERVICE: \"\", AUTO: \"NO\", STATE: \"YES\"','7891E9DC6876',1),(1164,532,'2022-06-02 11:56:50','Edit Customer: SERVICE: \"1port-RF\", AUTO: \"YES\", STATE: \"YES\"','7891E9DC6876',1),(1165,532,'2022-06-02 12:02:45','Edit Customer: SERVICE: \"1port-RF\", AUTO: \"YES\", STATE: \"YES\"','7891E9DC6876',1),(1166,532,'2022-06-02 12:03:06','delete','7891E9DC6876',1),(1167,534,'2022-06-02 12:03:40','Edit Customer: SERVICE: \"1port-RF\", AUTO: \"YES\", STATE: \"YES\"','7891E9DC6876',1),(1168,534,'2022-06-02 12:04:26','Edit Customer: SERVICE: \"1port-RF\", AUTO: \"YES\", STATE: \"YES\"','7891E9DC6876',1),(1169,534,'2022-06-02 12:04:35','delete','7891E9DC6876',1),(1170,535,'2022-06-02 12:04:53','Edit Customer: SERVICE: \"\", AUTO: \"YES\", STATE: \"YES\"','7891E9DC6876',1),(1171,535,'2022-06-02 12:05:12','delete','7891E9DC6876',1),(1172,529,'2022-06-02 12:05:41','Edit Customer: SERVICE: \"Internet_4port\", AUTO: \"NO\", STATE: \"YES\"','E0E8E6FC8EDB',1),(1173,529,'2022-06-02 12:06:04','Edit Customer: SERVICE: \"Internet_1port\", AUTO: \"NO\", STATE: \"YES\"','E0E8E6FC8EDB',1),(1174,529,'2022-06-02 12:06:26','Edit Customer: SERVICE: \"1port-RF\", AUTO: \"NO\", STATE: \"YES\"','E0E8E6FC8EDB',1),(1175,536,'2022-06-02 12:06:59','Edit Customer: SERVICE: \"\", AUTO: \"YES\", STATE: \"YES\"','7891E9DC6876',1),(1176,536,'2022-06-02 12:11:28','delete','7891E9DC6876',1),(1177,537,'2022-06-02 12:12:01','Edit Customer: SERVICE: \"\", AUTO: \"YES\", STATE: \"YES\"','7891E9DC6876',1),(1178,537,'2022-06-02 12:12:26','Edit Customer: SERVICE: \"Internet_4port\", AUTO: \"YES\", STATE: \"YES\"','7891E9DC6876',1),(1179,537,'2022-06-02 12:12:38','Edit Customer: SERVICE: \"Internet_4port\", AUTO: \"NO\", STATE: \"YES\"','7891E9DC6876',1),(1180,538,'2022-06-02 12:13:46','delete','7891E9DC6876',1),(1181,537,'2022-06-02 12:14:01','Edit Customer: SERVICE: \"1port-RF\", AUTO: \"NO\", STATE: \"YES\"','7891E9DC6876',1),(1182,539,'2022-06-02 12:15:24','delete','7891E9DC6876',1),(1183,537,'2022-06-02 12:15:41','Edit Customer: SERVICE: \"1port-RF\", AUTO: \"YES\", STATE: \"YES\"','7891E9DC6876',1),(1184,541,'2023-03-10 14:35:43','Edit Customer: SERVICE: \"1port-RF\", AUTO: \"NO\", STATE: \"YES\"','RCMG1B281559',1),(1185,541,'2023-03-31 11:33:29','Edit Customer: SERVICE: \"1port-RF\", AUTO: \"NO\", STATE: \"YES\"','RCMG1B281559',1),(1186,543,'2023-03-31 11:33:48','Edit Customer: SERVICE: \"Internet_4port\", AUTO: \"NO\", STATE: \"YES\"','DF126AAE81F1',1),(1187,541,'2023-03-31 11:34:03','delete','RCMG1B281559',1),(1188,543,'2023-03-31 11:34:09','Edit Customer: SERVICE: \"Internet_4port\", AUTO: \"NO\", STATE: \"YES\"','DF126AAE81F1',1),(1189,543,'2023-03-31 12:05:15','Edit Customer: SERVICE: \"Internet_4port\", AUTO: \"NO\", STATE: \"YES\"','DF126AAE81F1',1),(1190,555,'2023-03-31 12:25:25','Edit Customer: SERVICE: \"Internet_4port\", AUTO: \"NO\", STATE: \"YES\"','DF126A9B5F94',1),(1191,556,'2023-03-31 12:25:31','Edit Customer: SERVICE: \"Internet_4port\", AUTO: \"NO\", STATE: \"YES\"','DF126AAE81F3',1),(1192,556,'2023-03-31 12:47:14','Edit Customer: SERVICE: \"Internet_4port\", AUTO: \"NO\", STATE: \"YES\"','DF126AAE81F3',1),(1193,554,'2023-03-31 12:56:25','delete','RTKG11111111',1),(1194,555,'2023-03-31 12:56:30','delete','DF126A9B5F94',1),(1195,557,'2023-03-31 12:56:35','Edit Customer: SERVICE: \"Internet_4port\", AUTO: \"NO\", STATE: \"YES\"','DF126AAE81FC',1),(1196,559,'2023-03-31 13:22:48','Edit Customer: SERVICE: \"\", AUTO: \"NO\", STATE: \"YES\"','DF126AAE8184',1),(1197,559,'2023-03-31 13:27:02','Edit Customer: SERVICE: \"Internet_4port\", AUTO: \"NO\", STATE: \"YES\"','DF126AAE8184',1),(1198,559,'2023-03-31 13:29:29','Edit Customer: SERVICE: \"Internet_1port\", AUTO: \"NO\", STATE: \"YES\"','DF126AAE8184',1),(1199,549,'2023-03-31 14:29:10','Edit Customer: SERVICE: \"HGU-cdata\", AUTO: \"NO\", STATE: \"YES\"','DF306A2465FC',1),(1200,560,'2023-03-31 14:36:05','Edit Customer: SERVICE: \"HGU-cdata\", AUTO: \"NO\", STATE: \"YES\"','DF306A2465FC',1),(1201,561,'2023-03-31 15:13:30','Add New Customer: SERVICE: \"\", AUTO: \"NO\", STATE: \"YES\"','DF306A2465FC',1),(1202,562,'2023-03-31 15:13:59','Add New Customer: SERVICE: \"\", AUTO: \"NO\", STATE: \"YES\"','DF306A2465FC',1),(1203,562,'2023-03-31 15:14:14','Edit Customer: SERVICE: \"\", AUTO: \"NO\", STATE: \"YES\"','DF306A2465FC',1),(1204,563,'2023-03-31 15:22:52','Add New Customer: SERVICE: \"\", AUTO: \"NO\", STATE: \"YES\"','DF306A2465FC',1),(1205,545,'2023-04-13 11:44:21','Edit Customer: SERVICE: \"1port-RF\", AUTO: \"NO\", STATE: \"YES\"','D031E6FC8EDB',1),(1206,563,'2023-04-13 11:45:11','Edit Customer: SERVICE: \"\", AUTO: \"NO\", STATE: \"YES\"','D031E6FC8EDB',1),(1207,565,'2023-04-13 11:45:56','Add New Customer: SERVICE: \"\", AUTO: \"NO\", STATE: \"YES\"','D031E6FC8EDB',1),(1208,564,'2023-04-18 10:17:46','Edit Customer: SERVICE: \"\", AUTO: \"NO\", STATE: \"YES\"','DF306A2465FC',1),(1209,566,'2023-04-18 10:19:50','Add New Customer: SERVICE: \"1port-RF\", AUTO: \"NO\", STATE: \"YES\"','D031E6FC8EDB',1),(1210,566,'2023-04-18 10:29:53','Edit Customer: SERVICE: \"1port-RF\", AUTO: \"NO\", STATE: \"YES\"','D031E6FC8EDB',1),(1211,566,'2023-04-18 10:30:14','delete','D031E6FC8EDB',1),(1212,567,'2023-04-18 10:30:27','Add New Customer: SERVICE: \"1port-RF\", AUTO: \"NO\", STATE: \"YES\"','D031E6FC8EDB',1),(1213,529,'2023-05-04 11:04:42','Edit Customer: SERVICE: \"1port-RF\", AUTO: \"NO\", STATE: \"YES\"','E0E8E6FC8EDB',1),(1214,529,'2023-05-04 11:05:35','Edit Customer: SERVICE: \"1port-RF\", AUTO: \"NO\", STATE: \"YES\"','E0E8E6FC8EDB',1),(1215,529,'2023-06-08 14:25:34','Edit Customer: SERVICE: \"1port-RF\", AUTO: \"NO\", STATE: \"YES\"','E0E8E6FC8EDB',1),(1216,569,'2023-06-08 14:33:40','Add New Customer: SERVICE: \"1port-RF\", AUTO: \"NO\", STATE: \"YES\"','98001CE480FB',1),(1217,570,'2023-06-08 14:38:30','Add New Customer: SERVICE: \"1port-RF\", AUTO: \"NO\", STATE: \"YES\"','9800FCE0CEFB',1),(1218,569,'2023-06-08 14:38:51','delete','98001CE480FB',1),(1219,570,'2023-06-08 14:40:31','Edit Customer: SERVICE: \"1port-RF\", AUTO: \"NO\", STATE: \"YES\"','9800.74f7.8efb.',1),(1220,571,'2023-06-08 14:40:52','Add New Customer: SERVICE: \"1port-RF\", AUTO: \"NO\", STATE: \"YES\"','980074F78EFB',1),(1221,572,'2023-06-08 15:20:36','Add New Customer: SERVICE: \"Internet_1port\", AUTO: \"NO\", STATE: \"YES\"','000E5E6E1117',1),(1222,573,'2023-06-08 15:20:44','Add New Customer: SERVICE: \"Internet_1port\", AUTO: \"NO\", STATE: \"YES\"','C850E95A0200',1),(1223,574,'2023-08-04 10:07:13','Add New Customer: SERVICE: \"Internet_1port\", AUTO: \"NO\", STATE: \"YES\"','RCMG18200007',1),(1224,574,'2023-08-24 10:39:29','Edit Customer: SERVICE: \"Internet_1port\", AUTO: \"NO\", STATE: \"YES\"','RCMG18200007',1),(1225,574,'2023-08-24 10:48:16','Edit Customer: SERVICE: \"100\", AUTO: \"NO\", STATE: \"YES\"','RCMG18200007',1),(1226,567,'2023-08-24 10:55:26','Edit Customer: SERVICE: \"100\", AUTO: \"NO\", STATE: \"YES\"','D031E6FC8EDB',1),(1227,567,'2023-08-24 11:11:33','Edit Customer: SERVICE: \"1port-RF\", AUTO: \"NO\", STATE: \"YES\"','D031E6FC8EDB',1),(1228,567,'2023-10-20 11:33:19','Edit Customer: SERVICE: \"1port-RF\", AUTO: \"NO\", STATE: \"YES\"','D031E6FC8EDB',1),(1229,574,'2023-10-20 11:33:52','Edit Customer: SERVICE: \"100\", AUTO: \"NO\", STATE: \"YES\"','RCMG18200007',1),(1230,581,'2023-11-09 15:26:22','Add New Customer: SERVICE: \"HGU\", AUTO: \"NO\", STATE: \"YES\"','000E5E8376A5',1),(1231,581,'2023-11-09 15:54:27','Edit Customer: SERVICE: \"HGU-cdata\", AUTO: \"NO\", STATE: \"YES\"','000E5E8376A5',1),(1232,581,'2023-11-09 15:57:49','Edit Customer: SERVICE: \"HGU\", AUTO: \"NO\", STATE: \"YES\"','000E5E8376A5',1),(1233,580,'2023-11-21 14:24:17','Edit Customer: SERVICE: \"Internet_1port\", AUTO: \"NO\", STATE: \"YES\"','DF126AAE8184',1),(1234,567,'2023-11-21 15:29:44','Edit Customer: SERVICE: \"1port-RF\", AUTO: \"NO\", STATE: \"YES\"','D031E6FC8EDB',1),(1235,567,'2023-11-21 15:31:17','Edit Customer: SERVICE: \"1port-RF\", AUTO: \"NO\", STATE: \"YES\"','D031E6FC8EDB',1),(1236,583,'2024-04-11 11:25:29','Add New Customer: SERVICE: \"Internet_1port\", AUTO: \"NO\", STATE: \"YES\"','RCMG3AC001C5',1),(1237,583,'2024-04-12 11:52:52','Edit Customer: SERVICE: \"Internet_1port\", AUTO: \"NO\", STATE: \"YES\"','RCMG3AC001C5',1),(1238,584,'2024-04-12 12:29:18','Add New Customer: SERVICE: \"Internet_1port\", AUTO: \"NO\", STATE: \"YES\"','CCC2E09CE723',1),(1239,585,'2024-05-16 13:11:54','Add New Customer: SERVICE: \"HGU-cdata\", AUTO: \"NO\", STATE: \"YES\"','80F7A68D6D25',1),(1240,586,'2024-05-20 14:25:47','Add New Customer: SERVICE: \"HGU-cdata\", AUTO: \"NO\", STATE: \"YES\"','DF3CA68D6D25',1),(1241,586,'2024-05-20 15:42:17','Edit Customer: SERVICE: \"HGU\", AUTO: \"NO\", STATE: \"YES\"','DF3CA68D6D25',1),(1242,586,'2024-05-20 15:42:36','Edit Customer: SERVICE: \"Internet_1port\", AUTO: \"NO\", STATE: \"YES\"','DF3CA68D6D25',1),(1243,586,'2024-05-20 15:45:17','Edit Customer: SERVICE: \"HGU-cdata\", AUTO: \"NO\", STATE: \"YES\"','DF3CA68D6D25',1),(1244,586,'2024-05-20 15:49:56','Edit Customer: SERVICE: \"Internet_1port\", AUTO: \"NO\", STATE: \"YES\"','DF3CA68D6D25',1),(1245,586,'2024-05-20 15:50:32','Edit Customer: SERVICE: \"HGU-cdata\", AUTO: \"NO\", STATE: \"YES\"','DF3CA68D6D25',1),(1246,587,'2024-05-23 10:33:05','Add New Customer: SERVICE: \"HGU-cdata\", AUTO: \"NO\", STATE: \"YES\"','70A56A2465FC',1),(1247,564,'2024-05-28 14:19:36','Edit Customer: SERVICE: \"HGU-cdata\", AUTO: \"NO\", STATE: \"YES\"','DF306A2465FC',1),(1248,564,'2024-05-28 14:25:18','Edit Customer: SERVICE: \"HGU-cdata\", AUTO: \"NO\", STATE: \"YES\"','DF306A2465FC',1),(1249,564,'2024-05-28 14:29:13','Edit Customer: SERVICE: \"HGU-cdata\", AUTO: \"NO\", STATE: \"YES\"','DF306A2465FC',1),(1250,564,'2024-05-28 14:55:23','Edit Customer: SERVICE: \"Internet_1port\", AUTO: \"NO\", STATE: \"YES\"','DF306A2465FC',1),(1251,564,'2024-05-28 15:08:36','Edit Customer: SERVICE: \"Internet_1port\", AUTO: \"NO\", STATE: \"YES\"','DF306A2465FC',1),(1252,564,'2024-05-28 15:13:18','Reboot ONU','DF306A2465FC',1),(1253,564,'2024-05-28 15:32:42','Edit Customer: SERVICE: \"HGU-cdata\", AUTO: \"NO\", STATE: \"YES\"','DF306A2465FC',1),(1254,564,'2024-05-28 15:35:02','Edit Customer: SERVICE: \"HGU-cdata\", AUTO: \"NO\", STATE: \"YES\"','DF306A2465FC',1),(1255,564,'2024-05-28 15:36:02','Edit Customer: SERVICE: \"HGU-cdata\", AUTO: \"NO\", STATE: \"YES\"','DF306A2465FC',1),(1256,564,'2024-05-28 15:40:01','Reboot ONU','DF306A2465FC',1),(1257,572,'2024-08-26 17:10:54','Edit Customer: SERVICE: \"Internet_1port\", AUTO: \"NO\", STATE: \"YES\"','000E5E6E1117',1),(1258,587,'2024-08-26 17:11:04','Edit Customer: SERVICE: \"HGU-cdata\", AUTO: \"NO\", STATE: \"YES\"','70A56A2465FC',1),(1259,572,'2024-08-26 17:11:14','Edit Customer: SERVICE: \"Internet_1port\", AUTO: \"NO\", STATE: \"YES\"','000E5E6E1117',1),(1260,572,'2024-08-26 17:11:40','Edit Customer: SERVICE: \"Internet_1port\", AUTO: \"NO\", STATE: \"YES\"','000E5E6E1117',1),(1261,587,'2024-08-26 17:11:53','Edit Customer: SERVICE: \"HGU-cdata\", AUTO: \"NO\", STATE: \"YES\"','70A56A2465FC',1),(1262,572,'2024-08-26 17:12:09','delete','000E5E6E1117',1),(1263,588,'2024-08-26 17:12:18','Add New Customer: SERVICE: \"Internet_1port\", AUTO: \"NO\", STATE: \"YES\"','000E5E6E1117',1),(1264,587,'2024-08-26 17:12:38','Edit Customer: SERVICE: \"HGU-cdata\", AUTO: \"NO\", STATE: \"YES\"','70A56A2465FC',1),(1265,587,'2024-08-26 17:12:44','Edit Customer: SERVICE: \"HGU-cdata\", AUTO: \"NO\", STATE: \"YES\"','70A56A2465FC',1),(1266,587,'2024-08-26 17:13:52','Edit Customer: SERVICE: \"\", AUTO: \"NO\", STATE: \"YES\"','70A56A2465FC',1),(1267,588,'2024-08-26 17:14:00','Edit Customer: SERVICE: \"\", AUTO: \"NO\", STATE: \"YES\"','000E5E6E1117',1),(1268,587,'2024-08-26 17:14:15','Edit Customer: SERVICE: \"\", AUTO: \"NO\", STATE: \"YES\"','70A56A2465FC',1),(1269,588,'2024-08-26 17:14:22','Edit Customer: SERVICE: \"\", AUTO: \"NO\", STATE: \"YES\"','000E5E6E1117',1),(1270,587,'2024-08-26 17:14:33','Edit Customer: SERVICE: \"\", AUTO: \"NO\", STATE: \"YES\"','70A56A2465FC',1),(1271,588,'2024-08-26 17:14:38','delete','000E5E6E1117',1),(1272,587,'2024-08-26 17:14:43','delete','70A56A2465FC',1),(1273,589,'2024-08-26 17:14:53','Add New Customer: SERVICE: \"\", AUTO: \"NO\", STATE: \"YES\"','000E5E6E1117',1),(1274,590,'2024-08-26 17:15:15','Add New Customer: SERVICE: \"\", AUTO: \"NO\", STATE: \"YES\"','70A56A2465FC',1),(1275,594,'2024-11-07 15:51:13','Edit Customer: SERVICE: \"\", AUTO: \"NO\", STATE: \"YES\"','CDTC1D4773B0',1),(1276,594,'2024-11-07 15:54:33','Edit Customer: SERVICE: \"\", AUTO: \"NO\", STATE: \"YES\"','CDTC1D4773B0',1),(1277,594,'2024-11-07 15:57:13','Edit Customer: SERVICE: \"\", AUTO: \"NO\", STATE: \"YES\"','CDTC1D4773B0',1),(1278,594,'2024-11-07 15:58:16','Edit Customer: SERVICE: \"\", AUTO: \"NO\", STATE: \"YES\"','CDTC1D4773B0',1),(1279,594,'2024-11-07 15:58:28','Edit Customer: SERVICE: \"\", AUTO: \"NO\", STATE: \"YES\"','CDTC1D4773B0',1),(1280,594,'2024-11-07 15:58:58','Edit Customer: SERVICE: \"\", AUTO: \"NO\", STATE: \"YES\"','CDTC1D4773B0',1),(1281,594,'2024-11-07 15:59:28','Edit Customer: SERVICE: \"\", AUTO: \"NO\", STATE: \"YES\"','CDTC1D4773B0',1),(1282,594,'2024-11-08 11:11:48','Edit Customer: SERVICE: \"HGU-cdata\", AUTO: \"NO\", STATE: \"YES\"','CDTC1D4773B0',1),(1283,544,'2024-11-08 11:57:28','delete','D011E6FC8EED',1),(1284,594,'2024-11-08 11:58:05','delete','CDTC1D4773B0',1),(1285,596,'2024-11-08 11:58:19','Add New Customer: SERVICE: \"HGU-cdata\", AUTO: \"NO\", STATE: \"YES\"','CDTC1D4773B0',1),(1286,596,'2024-11-08 12:06:28','Edit Customer: SERVICE: \"HGU-cdata\", AUTO: \"NO\", STATE: \"YES\"','CDTC1D4773B0',1),(1287,597,'2024-11-08 12:06:50','Edit Customer: SERVICE: \"Internet_1port\", AUTO: \"NO\", STATE: \"YES\"','D011E6FC8EED',1),(1288,597,'2024-11-08 12:07:03','delete','D011E6FC8EED',1),(1289,596,'2024-11-08 12:07:09','Edit Customer: SERVICE: \"HGU-cdata\", AUTO: \"NO\", STATE: \"YES\"','CDTC1D4773B0',1),(1290,596,'2024-11-08 13:35:03','Edit Customer: SERVICE: \"HGU-cdata\", AUTO: \"NO\", STATE: \"YES\"','CDTC1D4773B0',1),(1291,596,'2024-11-08 13:35:19','Edit Customer: SERVICE: \"HGU-cdata\", AUTO: \"NO\", STATE: \"YES\"','CDTC1D4773B0',1),(1292,596,'2024-11-08 13:38:48','Edit Customer: SERVICE: \"HGU-cdata\", AUTO: \"NO\", STATE: \"YES\"','CDTC1D4773B0',1),(1293,596,'2024-11-08 13:39:09','Edit Customer: SERVICE: \"HGU-cdata\", AUTO: \"NO\", STATE: \"YES\"','CDTC1D4773B0',1),(1294,596,'2024-11-08 13:40:04','delete','CDTC1D4773B0',1),(1295,582,'2024-11-08 13:40:09','delete','D031E6FC8EDB',1),(1296,595,'2024-11-08 13:40:13','delete','D031E6FC8EDB',1),(1297,598,'2024-11-08 13:40:43','Add New Customer: SERVICE: \"\", AUTO: \"NO\", STATE: \"YES\"','CDTC1D4773B0',1),(1298,598,'2024-11-08 13:41:18','Edit Customer: SERVICE: \"\", AUTO: \"NO\", STATE: \"YES\"','CDTC1D4773B0',1),(1299,598,'2024-11-08 13:41:47','Edit Customer: SERVICE: \"\", AUTO: \"NO\", STATE: \"YES\"','CDTC1D4773B0',1),(1300,599,'2024-11-08 13:42:03','Add New Customer: SERVICE: \"\", AUTO: \"NO\", STATE: \"YES\"','D031E6FC8EDB',1),(1301,599,'2024-11-08 13:55:49','Edit Customer: SERVICE: \"\", AUTO: \"NO\", STATE: \"YES\"','D031E6FC8EDB',1),(1302,598,'2024-11-08 13:56:10','Edit Customer: SERVICE: \"\", AUTO: \"NO\", STATE: \"YES\"','CDTC1D4773B0',1),(1303,599,'2024-11-08 14:15:32','Edit Customer: SERVICE: \"\", AUTO: \"NO\", STATE: \"YES\"','D031E6FC8EDB',1),(1304,598,'2024-11-11 11:48:59','Reboot ONU','CDTC1D4773B0',1),(1305,601,'2024-11-12 12:18:42','delete','D031E6FC8EDB',1),(1306,599,'2024-11-12 12:18:49','Edit Customer: SERVICE: \"1port-RF\", AUTO: \"NO\", STATE: \"YES\"','D031E6FC8EDB',1),(1307,599,'2024-11-12 15:42:47','set RF port DISABLED','D031E6FC8EDB',1),(1308,599,'2024-11-12 15:42:52','set RF port ENABLED','D031E6FC8EDB',1),(1309,599,'2024-11-12 15:44:15','set UNI port 1 DISABLED','D031E6FC8EDB',1),(1310,599,'2024-11-12 15:44:17','set UNI port 1 ENABLED','D031E6FC8EDB',1),(1311,600,'2024-11-13 13:27:47','delete','CDTC1D4773B0',1),(1312,598,'2024-11-13 13:27:51','Edit Customer: SERVICE: \"HGU-cdata\", AUTO: \"NO\", STATE: \"YES\"','CDTC1D4773B0',1),(1313,598,'2024-11-13 13:28:23','Edit Customer: SERVICE: \"HGU-cdata\", AUTO: \"NO\", STATE: \"YES\"','CDTC1D4773B0',1),(1314,598,'2024-11-13 13:28:46','Edit Customer: SERVICE: \"HGU-cdata\", AUTO: \"NO\", STATE: \"YES\"','CDTC1D4773B0',1),(1315,602,'2024-11-13 13:28:53','delete','',1),(1316,598,'2024-11-13 13:28:58','Edit Customer: SERVICE: \"HGU-cdata\", AUTO: \"NO\", STATE: \"YES\"','CDTC1D4773B0',1),(1317,598,'2024-11-13 13:29:49','Edit Customer: SERVICE: \"HGU-cdata\", AUTO: \"NO\", STATE: \"YES\"','CDTC1D4773B0',1),(1318,598,'2024-11-13 13:30:50','Edit Customer: SERVICE: \"HGU-cdata\", AUTO: \"NO\", STATE: \"YES\"','CDTC1D4773B0',1),(1319,598,'2024-11-13 13:32:08','set RF port DISABLED','CDTC1D4773B0',1),(1320,598,'2024-11-13 13:32:12','set RF port ENABLED','CDTC1D4773B0',1),(1321,599,'2024-11-13 14:59:40','Edit Customer: SERVICE: \"\", AUTO: \"NO\", STATE: \"YES\"','D031E6FC8EDB',1),(1322,599,'2024-11-13 15:00:23','Edit Customer: SERVICE: \"1port-RF\", AUTO: \"NO\", STATE: \"YES\"','D031E6FC8EDB',1),(1323,599,'2024-11-13 15:00:56','Edit Customer: SERVICE: \"\", AUTO: \"NO\", STATE: \"YES\"','D031E6FC8EDB',1),(1324,599,'2024-11-13 15:01:09','Edit Customer: SERVICE: \"1port-RF\", AUTO: \"NO\", STATE: \"YES\"','D031E6FC8EDB',1),(1325,599,'2024-11-13 15:08:05','Edit Customer: SERVICE: \"1port-RF\", AUTO: \"NO\", STATE: \"YES\"','D031E6FC8EDB',1),(1326,599,'2024-11-13 15:09:19','Edit Customer: SERVICE: \"1port-RF\", AUTO: \"NO\", STATE: \"YES\"','D031E6FC8EDB',1),(1327,599,'2024-11-13 15:12:23','Edit Customer: SERVICE: \"1port-RF\", AUTO: \"NO\", STATE: \"YES\"','D031E6FC8EDB',1),(1328,599,'2024-11-13 15:12:53','Edit Customer: SERVICE: \"1port-RF\", AUTO: \"NO\", STATE: \"YES\"','D031E6FC8EDB',1),(1329,599,'2024-11-13 15:14:21','Edit Customer: SERVICE: \"1port-RF\", AUTO: \"NO\", STATE: \"YES\"','D031E6FC8EDB',1),(1330,599,'2024-11-13 15:33:57','Edit Customer: SERVICE: \"1port-RF\", AUTO: \"NO\", STATE: \"YES\"','D031E6FC8EDB',1),(1331,598,'2024-11-13 15:34:38','Edit Customer: SERVICE: \"HGU-cdata\", AUTO: \"NO\", STATE: \"YES\"','CDTC1D4773B0',1),(1332,599,'2024-11-13 15:36:58','Edit Customer: SERVICE: \"1port-RF\", AUTO: \"NO\", STATE: \"YES\"','D031E6FC8EDB',1),(1333,599,'2024-11-13 15:41:37','Edit Customer: SERVICE: \"1port-RF\", AUTO: \"NO\", STATE: \"YES\"','D031E6FC8EDB',1),(1334,599,'2024-11-13 15:42:46','Edit Customer: SERVICE: \"1port-RF\", AUTO: \"NO\", STATE: \"YES\"','D031E6FC8EDB',1),(1335,599,'2024-11-13 15:45:03','Edit Customer: SERVICE: \"1port-RF\", AUTO: \"NO\", STATE: \"YES\"','D031E6FC8EDB',1),(1336,599,'2024-11-13 15:47:46','Edit Customer: SERVICE: \"1port-RF\", AUTO: \"NO\", STATE: \"YES\"','D031E6FC8EDB',1),(1337,599,'2024-11-13 15:48:55','Edit Customer: SERVICE: \"1port-RF\", AUTO: \"NO\", STATE: \"YES\"','D031E6FC8EDB',1),(1338,598,'2024-11-13 15:49:17','Edit Customer: SERVICE: \"HGU-cdata\", AUTO: \"NO\", STATE: \"YES\"','CDTC1D4773B0',1),(1339,598,'2024-11-14 11:44:29','delete','CDTC1D4773B0',1),(1340,599,'2024-11-14 11:44:32','delete','D031E6FC8EDB',1),(1341,603,'2024-11-14 11:44:42','Edit Customer: SERVICE: \"HGU-cdata\", AUTO: \"NO\", STATE: \"YES\"','CDTC1D4773B0',1),(1342,603,'2024-11-14 11:48:00','Edit Customer: SERVICE: \"HGU\", AUTO: \"NO\", STATE: \"YES\"','CDTC1D4773B0',1),(1343,603,'2024-11-14 11:48:08','Edit Customer: SERVICE: \"HGU\", AUTO: \"NO\", STATE: \"YES\"','CDTC1D4773B0',1),(1344,603,'2024-11-14 11:48:15','Edit Customer: SERVICE: \"HGU-cdata\", AUTO: \"NO\", STATE: \"YES\"','CDTC1D4773B0',1),(1345,603,'2024-11-14 11:51:42','Edit Customer: SERVICE: \"HGU\", AUTO: \"NO\", STATE: \"YES\"','CDTC1D4773B0',1),(1346,564,'2024-11-14 11:51:59','delete','DF306A2465FC',1),(1347,586,'2024-11-14 11:52:06','delete','DF3CA68D6D25',1),(1348,603,'2024-11-14 11:52:16','Edit Customer: SERVICE: \"HGU-cdata\", AUTO: \"NO\", STATE: \"YES\"','CDTC1D4773B0',1),(1349,603,'2024-11-14 11:58:37','Edit Customer: SERVICE: \"HGU\", AUTO: \"NO\", STATE: \"YES\"','CDTC1D4773B0',1),(1350,603,'2024-11-14 11:59:37','Edit Customer: SERVICE: \"HGU-cdata\", AUTO: \"NO\", STATE: \"YES\"','CDTC1D4773B0',1),(1351,603,'2024-11-14 12:08:41','Edit Customer: SERVICE: \"HGU\", AUTO: \"NO\", STATE: \"YES\"','CDTC1D4773B0',1),(1352,603,'2024-11-14 12:38:00','Edit Customer: SERVICE: \"HGU-cdata\", AUTO: \"NO\", STATE: \"YES\"','CDTC1D4773B0',1),(1353,603,'2024-11-14 12:39:39','Edit Customer: SERVICE: \"HGU\", AUTO: \"NO\", STATE: \"YES\"','CDTC1D4773B0',1),(1354,603,'2024-11-14 12:41:29','Edit Customer: SERVICE: \"HGU-cdata\", AUTO: \"NO\", STATE: \"YES\"','CDTC1D4773B0',1),(1355,603,'2024-11-14 12:46:32','Edit Customer: SERVICE: \"HGU\", AUTO: \"NO\", STATE: \"YES\"','CDTC1D4773B0',1),(1356,603,'2024-11-14 12:49:32','Edit Customer: SERVICE: \"HGU\", AUTO: \"NO\", STATE: \"YES\"','CDTC1D4773B0',1),(1357,603,'2024-11-14 12:52:02','Edit Customer: SERVICE: \"HGU\", AUTO: \"NO\", STATE: \"YES\"','CDTC1D4773B0',1),(1358,603,'2024-11-14 12:53:45','Edit Customer: SERVICE: \"Internet_1port\", AUTO: \"NO\", STATE: \"YES\"','CDTC1D4773B0',1),(1359,603,'2024-11-14 13:01:29','Edit Customer: SERVICE: \"HGU-cdata\", AUTO: \"NO\", STATE: \"YES\"','CDTC1D4773B0',1),(1360,603,'2024-11-14 13:02:53','Edit Customer: SERVICE: \"HGU-cdata\", AUTO: \"NO\", STATE: \"YES\"','CDTC1D4773B0',1),(1361,603,'2024-11-14 13:06:02','Edit Customer: SERVICE: \"HGU\", AUTO: \"NO\", STATE: \"YES\"','CDTC1D4773B0',1),(1362,603,'2024-11-14 13:07:13','Edit Customer: SERVICE: \"HGU-cdata\", AUTO: \"NO\", STATE: \"YES\"','CDTC1D4773B0',1),(1363,603,'2024-11-14 13:44:10','Edit Customer: SERVICE: \"HGU\", AUTO: \"NO\", STATE: \"YES\"','CDTC1D4773B0',1),(1364,603,'2024-11-14 15:43:12','Edit Customer: SERVICE: \"HGU-cdata\", AUTO: \"NO\", STATE: \"YES\"','CDTC1D4773B0',1),(1365,603,'2024-11-14 15:48:53','Edit Customer: SERVICE: \"HGU\", AUTO: \"NO\", STATE: \"YES\"','CDTC1D4773B0',1),(1366,605,'2024-11-20 11:12:21','Add New Customer: SERVICE: \"1port-RF\", AUTO: \"NO\", STATE: \"YES\"','HWTC45AF3334',1),(1367,606,'2024-11-20 11:37:36','Add New Customer: SERVICE: \"1port-RF\", AUTO: \"NO\", STATE: \"YES\"','BDCMB1242E86',1),(1368,606,'2024-11-20 11:49:51','set RF port ENABLED','BDCMB1242E86',1),(1369,606,'2024-11-20 11:49:53','set RF port DISABLED','BDCMB1242E86',1),(1370,606,'2024-11-20 11:49:56','set RF port ENABLED','BDCMB1242E86',1),(1371,609,'2024-11-22 13:53:15','Add New Customer: SERVICE: \"HGU-cdata\", AUTO: \"NO\", STATE: \"YES\"','DF306A2465FC',1),(1372,606,'2024-11-22 13:53:35','Edit Customer: SERVICE: \"1port-RF\", AUTO: \"NO\", STATE: \"YES\"','BDCMB1242E86',1),(1373,605,'2024-11-22 13:53:45','delete','HWTC45AF3334',1),(1374,609,'2024-11-22 13:53:51','Edit Customer: SERVICE: \"HGU-cdata\", AUTO: \"NO\", STATE: \"YES\"','DF306A2465FC',1),(1375,609,'2024-11-22 15:19:33','Edit Customer: SERVICE: \"1port-RF\", AUTO: \"NO\", STATE: \"YES\"','DF306A2465FC',1),(1376,609,'2024-11-25 14:45:55','Edit Customer: SERVICE: \"1port-RF\", AUTO: \"NO\", STATE: \"YES\"','DF306A2465FC',1),(1377,606,'2024-11-25 14:46:10','delete','BDCMB1242E86',1),(1378,612,'2024-12-18 10:07:41','Edit Customer: SERVICE: \"Internet_1port\", AUTO: \"NO\", STATE: \"YES\"','505B1D4773B0',1),(1379,612,'2024-12-18 10:09:29','Edit Customer: SERVICE: \"Internet_1port\", AUTO: \"NO\", STATE: \"YES\"','505B1D4773B0',1),(1380,590,'2024-12-18 10:09:58','delete','70A56A2465FC',1),(1381,611,'2024-12-18 10:10:07','Edit Customer: SERVICE: \"HGU-cdata\", AUTO: \"NO\", STATE: \"YES\"','70A56A2465FC',1),(1382,612,'2024-12-18 10:10:11','Edit Customer: SERVICE: \"Internet_1port\", AUTO: \"NO\", STATE: \"YES\"','505B1D4773B0',1),(1383,612,'2024-12-18 10:12:51','Edit Customer: SERVICE: \"HGU-cdata\", AUTO: \"NO\", STATE: \"YES\"','505B1D4773B0',1),(1384,613,'2024-12-18 10:15:10','Add New Customer: SERVICE: \"Internet_1port\", AUTO: \"NO\", STATE: \"YES\"','5476B2E5E468',1);
/*!40000 ALTER TABLE `history` ENABLE KEYS */;
UNLOCK TABLES;

--
-- Table structure for table `ip_pool`
--

DROP TABLE IF EXISTS `ip_pool`;
/*!40101 SET @saved_cs_client     = @@character_set_client */;
/*!40101 SET character_set_client = utf8 */;
CREATE TABLE `ip_pool` (
  `ID` int(11) NOT NULL AUTO_INCREMENT,
  `SUBNET` int(10) unsigned NOT NULL,
  `NETMASK` int(10) unsigned NOT NULL,
  `START_IP` int(10) unsigned NOT NULL,
  `END_IP` int(10) unsigned NOT NULL,
  `GATEWAY` int(10) unsigned NOT NULL,
  `VLAN` smallint(6) NOT NULL,
  PRIMARY KEY (`ID`)
) ENGINE=InnoDB AUTO_INCREMENT=3 DEFAULT CHARSET=utf8;
/*!40101 SET character_set_client = @saved_cs_client */;

--
-- Dumping data for table `ip_pool`
--

LOCK TABLES `ip_pool` WRITE;
/*!40000 ALTER TABLE `ip_pool` DISABLE KEYS */;
INSERT INTO `ip_pool` VALUES (1,3232261632,4294967040,3232261702,3232261711,3232261633,100),(2,3232286720,4294967040,3232286730,3232286770,3232286721,200);
/*!40000 ALTER TABLE `ip_pool` ENABLE KEYS */;
UNLOCK TABLES;

--
-- Table structure for table `line_profile`
--

DROP TABLE IF EXISTS `line_profile`;
/*!40101 SET @saved_cs_client     = @@character_set_client */;
/*!40101 SET character_set_client = utf8 */;
CREATE TABLE `line_profile` (
  `id` int(11) NOT NULL AUTO_INCREMENT,
  `NAME` varchar(255) NOT NULL,
  `LINE_PROFILE_ID` tinyint(4) NOT NULL,
  PRIMARY KEY (`id`) USING BTREE,
  KEY `TEMPLATE_ID` (`LINE_PROFILE_ID`) USING BTREE
) ENGINE=InnoDB AUTO_INCREMENT=8 DEFAULT CHARSET=utf8;
/*!40101 SET character_set_client = @saved_cs_client */;

--
-- Dumping data for table `line_profile`
--

LOCK TABLES `line_profile` WRITE;
/*!40000 ALTER TABLE `line_profile` DISABLE KEYS */;
INSERT INTO `line_profile` VALUES (2,'default',1),(3,'50down/20up',2),(4,'test_doichin',30),(5,'test_doichin_20',20),(6,'100',100),(7,'hgu-veip',5);
/*!40000 ALTER TABLE `line_profile` ENABLE KEYS */;
UNLOCK TABLES;

--
-- Table structure for table `not_paid`
--

DROP TABLE IF EXISTS `not_paid`;
/*!40101 SET @saved_cs_client     = @@character_set_client */;
/*!40101 SET character_set_client = utf8 */;
CREATE TABLE `not_paid` (
  `ID` int(11) NOT NULL AUTO_INCREMENT,
  `SN` varchar(255) NOT NULL,
  PRIMARY KEY (`ID`)
) ENGINE=InnoDB DEFAULT CHARSET=utf8;
/*!40101 SET character_set_client = @saved_cs_client */;

--
-- Dumping data for table `not_paid`
--

LOCK TABLES `not_paid` WRITE;
/*!40000 ALTER TABLE `not_paid` DISABLE KEYS */;
/*!40000 ALTER TABLE `not_paid` ENABLE KEYS */;
UNLOCK TABLES;

--
-- Table structure for table `olt`
--

DROP TABLE IF EXISTS `olt`;
/*!40101 SET @saved_cs_client     = @@character_set_client */;
/*!40101 SET character_set_client = utf8 */;
CREATE TABLE `olt` (
  `ID` int(11) NOT NULL AUTO_INCREMENT,
  `NAME` varchar(255) NOT NULL,
  `MODEL` tinyint(4) NOT NULL,
  `IP_ADDRESS` int(10) unsigned NOT NULL,
  `RO` varchar(50) NOT NULL,
  `RW` varchar(50) NOT NULL,
  `BACKUP_ID` int(11) DEFAULT NULL,
  PRIMARY KEY (`ID`)
) ENGINE=InnoDB AUTO_INCREMENT=16 DEFAULT CHARSET=utf8;
/*!40101 SET character_set_client = @saved_cs_client */;

--
-- Dumping data for table `olt`
--

LOCK TABLES `olt` WRITE;
/*!40000 ALTER TABLE `olt` DISABLE KEYS */;
INSERT INTO `olt` VALUES (10,'ISCOM5508(B)',1,3232261728,'public','private',NULL),(11,'iscom5508-gp',2,3232261729,'public','private',NULL),(12,'iscom6820-gp',6,3232261730,'public','private',NULL),(13,'iscom6820-ep',5,3232261727,'public','private',NULL),(15,'iscom6810-GP16',7,3232261676,'public','private',NULL);
/*!40000 ALTER TABLE `olt` ENABLE KEYS */;
UNLOCK TABLES;

--
-- Table structure for table `olt_cards`
--

DROP TABLE IF EXISTS `olt_cards`;
/*!40101 SET @saved_cs_client     = @@character_set_client */;
/*!40101 SET character_set_client = utf8 */;
CREATE TABLE `olt_cards` (
  `ID` int(11) NOT NULL AUTO_INCREMENT,
  `OLT_MODEL_ID` int(11) NOT NULL,
  `CARDS_MODEL_ID` int(11) NOT NULL,
  PRIMARY KEY (`ID`)
) ENGINE=InnoDB AUTO_INCREMENT=9 DEFAULT CHARSET=utf8;
/*!40101 SET character_set_client = @saved_cs_client */;

--
-- Dumping data for table `olt_cards`
--

LOCK TABLES `olt_cards` WRITE;
/*!40000 ALTER TABLE `olt_cards` DISABLE KEYS */;
INSERT INTO `olt_cards` VALUES (1,1,1),(2,2,2),(3,3,3),(4,3,4),(5,3,5),(6,4,3),(7,4,4),(8,4,5);
/*!40000 ALTER TABLE `olt_cards` ENABLE KEYS */;
UNLOCK TABLES;

--
-- Table structure for table `olt_ip_pools`
--

DROP TABLE IF EXISTS `olt_ip_pools`;
/*!40101 SET @saved_cs_client     = @@character_set_client */;
/*!40101 SET character_set_client = utf8 */;
CREATE TABLE `olt_ip_pools` (
  `ID` int(11) NOT NULL AUTO_INCREMENT,
  `OLT_ID` int(11) NOT NULL,
  `IP_POOL_ID` int(11) NOT NULL,
  `SERVICE_ID` int(11) DEFAULT NULL,
  PRIMARY KEY (`ID`)
) ENGINE=InnoDB DEFAULT CHARSET=utf8;
/*!40101 SET character_set_client = @saved_cs_client */;

--
-- Dumping data for table `olt_ip_pools`
--

LOCK TABLES `olt_ip_pools` WRITE;
/*!40000 ALTER TABLE `olt_ip_pools` DISABLE KEYS */;
/*!40000 ALTER TABLE `olt_ip_pools` ENABLE KEYS */;
UNLOCK TABLES;

--
-- Table structure for table `olt_model`
--

DROP TABLE IF EXISTS `olt_model`;
/*!40101 SET @saved_cs_client     = @@character_set_client */;
/*!40101 SET character_set_client = utf8 */;
CREATE TABLE `olt_model` (
  `ID` int(11) NOT NULL AUTO_INCREMENT,
  `NAME` varchar(50) NOT NULL,
  `SLOTS` smallint(6) NOT NULL,
  `TYPE` enum('EPON','GPON','XPON','XGSPON') NOT NULL,
  PRIMARY KEY (`ID`)
) ENGINE=InnoDB AUTO_INCREMENT=8 DEFAULT CHARSET=utf8;
/*!40101 SET character_set_client = @saved_cs_client */;

--
-- Dumping data for table `olt_model`
--

LOCK TABLES `olt_model` WRITE;
/*!40000 ALTER TABLE `olt_model` DISABLE KEYS */;
INSERT INTO `olt_model` VALUES (1,'ISCOM5508(B)',3,'EPON'),(2,'ISCOM5508-GP',3,'GPON'),(3,'ISCOM6800',14,'XPON'),(4,'ISCOM6860',7,'XPON'),(5,'ISCOM6820-EP',5,'EPON'),(6,'ISCOM6820-GP',5,'GPON'),(7,'ISCOM6810-GP',1,'XGSPON');
/*!40000 ALTER TABLE `olt_model` ENABLE KEYS */;
UNLOCK TABLES;

--
-- Table structure for table `onu`
--

DROP TABLE IF EXISTS `onu`;
/*!40101 SET @saved_cs_client     = @@character_set_client */;
/*!40101 SET character_set_client = utf8 */;
CREATE TABLE `onu` (
  `ID` int(11) NOT NULL AUTO_INCREMENT,
  `NAME` varchar(50) NOT NULL,
  `PORTS` tinyint(4) NOT NULL,
  `RF` tinyint(1) NOT NULL,
  `PSE` tinyint(1) NOT NULL,
  `HGU` tinyint(1) NOT NULL,
  `PON_TYPE` enum('EPON','GPON') NOT NULL,
  PRIMARY KEY (`ID`)
) ENGINE=InnoDB AUTO_INCREMENT=29 DEFAULT CHARSET=utf8;
/*!40101 SET character_set_client = @saved_cs_client */;

--
-- Dumping data for table `onu`
--

LOCK TABLES `onu` WRITE;
/*!40000 ALTER TABLE `onu` DISABLE KEYS */;
INSERT INTO `onu` VALUES (1,'ht803g',4,0,0,0,'GPON'),(16,'ht803g-1ge',1,0,0,0,'GPON'),(17,'ht803g-w',4,0,0,1,'GPON'),(28,'veli',4,1,1,0,'GPON');
/*!40000 ALTER TABLE `onu` ENABLE KEYS */;
UNLOCK TABLES;

--
-- Table structure for table `onu_rx_power`
--

DROP TABLE IF EXISTS `onu_rx_power`;
/*!40101 SET @saved_cs_client     = @@character_set_client */;
/*!40101 SET character_set_client = utf8 */;
CREATE TABLE `onu_rx_power` (
  `ID` int(11) NOT NULL AUTO_INCREMENT,
  `CUSTOMERS_ID` int(11) NOT NULL,
  `RX_POWER` float NOT NULL,
  PRIMARY KEY (`ID`)
) ENGINE=InnoDB AUTO_INCREMENT=153 DEFAULT CHARSET=utf8;
/*!40101 SET character_set_client = @saved_cs_client */;

--
-- Dumping data for table `onu_rx_power`
--

LOCK TABLES `onu_rx_power` WRITE;
/*!40000 ALTER TABLE `onu_rx_power` DISABLE KEYS */;
INSERT INTO `onu_rx_power` VALUES (10,263,-13.01),(13,266,-9.36),(31,250,-6.7),(32,293,-7.84),(43,307,-9.06),(44,308,-8.62),(45,309,-12.84),(46,310,-9.38),(47,311,-8.85),(61,334,-13.1),(62,333,-12.71),(67,342,-13.46),(71,347,-13.76),(74,350,-14.91),(75,349,-14.17),(76,362,-13.93),(83,386,-11.41),(84,384,-11.4),(85,385,-11.55),(86,387,-12.2),(87,405,-13.02),(88,408,-12.81),(116,529,-23.19),(117,530,-13.09),(120,545,-21.68),(122,567,-22.68),(124,574,-22.01),(125,575,-23.28),(126,581,-23.47),(128,583,-23.77),(129,584,-24.2),(130,585,-23.37),(134,589,-22.6),(144,603,-21.14),(145,604,-21.81),(148,607,-21.14),(149,608,-21.61),(150,609,-23.01),(151,612,-23.37),(152,613,-23.87);
/*!40000 ALTER TABLE `onu_rx_power` ENABLE KEYS */;
UNLOCK TABLES;

--
-- Table structure for table `pon`
--

DROP TABLE IF EXISTS `pon`;
/*!40101 SET @saved_cs_client     = @@character_set_client */;
/*!40101 SET character_set_client = utf8 */;
CREATE TABLE `pon` (
  `ID` int(11) NOT NULL AUTO_INCREMENT,
  `NAME` varchar(255) NOT NULL,
  `OLT` int(11) NOT NULL,
  `SLOT_ID` tinyint(4) NOT NULL,
  `PORT_ID` tinyint(4) NOT NULL,
  `CARDS_MODEL_ID` int(11) NOT NULL,
  PRIMARY KEY (`ID`),
  KEY `OLT` (`OLT`)
) ENGINE=InnoDB AUTO_INCREMENT=56 DEFAULT CHARSET=utf8;
/*!40101 SET character_set_client = @saved_cs_client */;

--
-- Dumping data for table `pon`
--

LOCK TABLES `pon` WRITE;
/*!40000 ALTER TABLE `pon` DISABLE KEYS */;
INSERT INTO `pon` VALUES (41,'port1',10,1,1,1),(42,'port2',10,1,2,1),(44,'port3',10,1,3,1),(45,'pon1',11,1,1,2),(46,'pon2',11,1,2,2),(48,'port1',12,3,1,4),(49,'port1',13,3,1,3),(54,'port16',15,1,16,6),(55,'port1',15,1,1,6);
/*!40000 ALTER TABLE `pon` ENABLE KEYS */;
UNLOCK TABLES;

--
-- Table structure for table `service_profile`
--

DROP TABLE IF EXISTS `service_profile`;
/*!40101 SET @saved_cs_client     = @@character_set_client */;
/*!40101 SET character_set_client = utf8 */;
CREATE TABLE `service_profile` (
  `id` int(11) NOT NULL AUTO_INCREMENT,
  `NAME` varchar(255) NOT NULL,
  `PORTS` tinyint(4) NOT NULL,
  `SERVICE_PROFILE_ID` tinyint(4) NOT NULL,
  `HGU` enum('Yes','No') NOT NULL DEFAULT 'No',
  `RF` enum('Yes','No') NOT NULL DEFAULT 'No',
  PRIMARY KEY (`id`) USING BTREE,
  KEY `OLT` (`HGU`),
  KEY `TEMPLATE_ID` (`SERVICE_PROFILE_ID`) USING BTREE
) ENGINE=InnoDB AUTO_INCREMENT=18 DEFAULT CHARSET=utf8;
/*!40101 SET character_set_client = @saved_cs_client */;

--
-- Dumping data for table `service_profile`
--

LOCK TABLES `service_profile` WRITE;
/*!40000 ALTER TABLE `service_profile` DISABLE KEYS */;
INSERT INTO `service_profile` VALUES (9,'4port',4,1,'No','No'),(10,'1port',1,2,'No','No'),(11,'HGU-cdata',1,3,'Yes','Yes'),(12,'HGU',4,4,'Yes','Yes'),(13,'1port-RF',1,5,'No','Yes'),(14,'2port+RF',2,6,'No','Yes'),(15,'test_doichin',1,30,'No','Yes'),(16,'100',1,100,'No','No'),(17,'empty',1,10,'Yes','No');
/*!40000 ALTER TABLE `service_profile` ENABLE KEYS */;
UNLOCK TABLES;

--
-- Table structure for table `services`
--

DROP TABLE IF EXISTS `services`;
/*!40101 SET @saved_cs_client     = @@character_set_client */;
/*!40101 SET character_set_client = utf8 */;
CREATE TABLE `services` (
  `id` int(11) NOT NULL AUTO_INCREMENT,
  `NAME` varchar(255) NOT NULL,
  `LINE_PROFILE_ID` int(11) NOT NULL,
  `SERVICE_PROFILE_ID` int(11) NOT NULL,
  PRIMARY KEY (`id`)
) ENGINE=InnoDB AUTO_INCREMENT=15 DEFAULT CHARSET=utf8;
/*!40101 SET character_set_client = @saved_cs_client */;

--
-- Dumping data for table `services`
--

LOCK TABLES `services` WRITE;
/*!40000 ALTER TABLE `services` DISABLE KEYS */;
INSERT INTO `services` VALUES (3,'Internet_4port',2,9),(7,'Internet_1port',2,10),(8,'HGU',2,12),(9,'HGU-cdata',2,11),(10,'1port-RF',2,13),(11,'2port+RF',3,14),(12,'test_doichin',4,15),(13,'test_doichin_20',5,15),(14,'100',6,16);
/*!40000 ALTER TABLE `services` ENABLE KEYS */;
UNLOCK TABLES;

--
-- Table structure for table `services_pon_ports`
--

DROP TABLE IF EXISTS `services_pon_ports`;
/*!40101 SET @saved_cs_client     = @@character_set_client */;
/*!40101 SET character_set_client = utf8 */;
CREATE TABLE `services_pon_ports` (
  `id` int(11) NOT NULL AUTO_INCREMENT,
  `PON_ID` int(11) NOT NULL,
  `SERVICE_ID` int(11) NOT NULL,
  PRIMARY KEY (`id`)
) ENGINE=InnoDB DEFAULT CHARSET=utf8;
/*!40101 SET character_set_client = @saved_cs_client */;

--
-- Dumping data for table `services_pon_ports`
--

LOCK TABLES `services_pon_ports` WRITE;
/*!40000 ALTER TABLE `services_pon_ports` DISABLE KEYS */;
/*!40000 ALTER TABLE `services_pon_ports` ENABLE KEYS */;
UNLOCK TABLES;

--
-- Table structure for table `uni`
--

DROP TABLE IF EXISTS `uni`;
/*!40101 SET @saved_cs_client     = @@character_set_client */;
/*!40101 SET character_set_client = utf8 */;
CREATE TABLE `uni` (
  `ID` int(11) NOT NULL AUTO_INCREMENT,
  `CUSTOMER_ID` int(11) NOT NULL,
  `UNI_PORT_ID` tinyint(4) NOT NULL,
  `STATE` enum('1','2') NOT NULL,
  PRIMARY KEY (`ID`)
) ENGINE=InnoDB AUTO_INCREMENT=5 DEFAULT CHARSET=utf8;
/*!40101 SET character_set_client = @saved_cs_client */;

--
-- Dumping data for table `uni`
--

LOCK TABLES `uni` WRITE;
/*!40000 ALTER TABLE `uni` DISABLE KEYS */;
INSERT INTO `uni` VALUES (1,332,1,'1'),(2,341,1,'2'),(3,331,1,'2'),(4,599,1,'1');
/*!40000 ALTER TABLE `uni` ENABLE KEYS */;
UNLOCK TABLES;
/*!40103 SET TIME_ZONE=@OLD_TIME_ZONE */;

/*!40101 SET SQL_MODE=@OLD_SQL_MODE */;
/*!40014 SET FOREIGN_KEY_CHECKS=@OLD_FOREIGN_KEY_CHECKS */;
/*!40014 SET UNIQUE_CHECKS=@OLD_UNIQUE_CHECKS */;
/*!40101 SET CHARACTER_SET_CLIENT=@OLD_CHARACTER_SET_CLIENT */;
/*!40101 SET CHARACTER_SET_RESULTS=@OLD_CHARACTER_SET_RESULTS */;
/*!40101 SET COLLATION_CONNECTION=@OLD_COLLATION_CONNECTION */;
/*!40111 SET SQL_NOTES=@OLD_SQL_NOTES */;

-- Dump completed on 2025-03-07 12:02:13
